Domain,Category ,Definition ,Sub-category ,Definition ,Factor,Definition ,Source ,Type ,Qualitative,DHS,Pathways Survey,Second Domain ,Application (Geography),Alternative questions in DHS 7,Other Notes,Why does it impact vulnerability and overall health outcomes
,,,,,,,,,,,,,,,,
Women and her past experiences ,Natal family history ,"The woman’s early family environment, including composition, support structures, distress and parental characteristics that shaped her upbringing.",Natal family: Composition and support,"The structure and composition of the woman's natal family which impacts the way she experiences economic, instrumental, emotional, and health knowledge support in her early days.",Birth order,"The position of the participant among their siblings, in the order they were born.",,Qualitative,FALSE,FALSE,TRUE,,,,,"Early family circumstances shape a woman’s social support, norms, and resources, influencing her long-term vulnerability and health-seeking patterns. "
Women and her past experiences ,Natal family history ,"The woman’s early family environment, including composition, support structures, distress and parental characteristics that shaped her upbringing.",Natal family: Composition and support,"The structure and composition of the woman's natal family which impacts the way she experiences economic, instrumental, emotional, and health knowledge support in her early days.",Number of siblings,The number of siblings the participant has,,Qualitative,FALSE,FALSE,TRUE,,,,,
Women and her past experiences ,Natal family history ,"The woman’s early family environment, including composition, support structures, distress and parental characteristics that shaped her upbringing.",Natal family: Composition and support,"The structure and composition of the woman's natal family which impacts the way she experiences economic, instrumental, emotional, and health knowledge support in her early days.",Orphan,The participant has lost both parents due to death,Primary Survey,Quantitative,FALSE,FALSE,TRUE,,,,,
Women and her past experiences ,Natal family history ,"The woman’s early family environment, including composition, support structures, distress and parental characteristics that shaped her upbringing.",Natal family: Composition and support,"The structure and composition of the woman's natal family which impacts the way she experiences economic, instrumental, emotional, and health knowledge support in her early days.",Death of parents ,Participant's age at parent death,Primary Survey,Quantitative,FALSE,FALSE,TRUE,,,,,
Women and her past experiences ,Natal family history ,"The woman’s early family environment, including composition, support structures, distress and parental characteristics that shaped her upbringing.",Natal family: Composition and support,"The structure and composition of the woman's natal family which impacts the way she experiences economic, instrumental, emotional, and health knowledge support in her early days.",Raised by ,The person who raised the participant ,Primary Survey,Quantitative,FALSE,FALSE,TRUE,,,,,
Women and her past experiences ,Natal family history ,"The woman’s early family environment, including composition, support structures, distress and parental characteristics that shaped her upbringing.",Natal family: Composition and support,"The structure and composition of the woman's natal family which impacts the way she experiences economic, instrumental, emotional, and health knowledge support in her early days.",Raised by single mother,"The participant was primarily raised by her biological mother, without the presence of the biological father",Primary Survey,Quantitative,FALSE,FALSE,TRUE,,,,,
Women and her past experiences ,Natal family history ,"The woman’s early family environment, including composition, support structures, distress and parental characteristics that shaped her upbringing.",Natal family: Composition and support,"The structure and composition of the woman's natal family which impacts the way she experiences economic, instrumental, emotional, and health knowledge support in her early days.",Feeling of safety,The participant mostly or always felt safe at home during childhood,Primary Survey,Quantitative,FALSE,FALSE,TRUE,,,,,
Women and her past experiences ,Natal family history ,"The woman’s early family environment, including composition, support structures, distress and parental characteristics that shaped her upbringing.",Natal family: Economic stressors,Material hardships experienced by the woman's natal family which have an early impact on her health. ,Missing meals as child,The participant regularly missed meals while growing up,Primary Survey,Quantitative,FALSE,FALSE,TRUE,,,,,
Women and her past experiences ,Natal family history ,"The woman’s early family environment, including composition, support structures, distress and parental characteristics that shaped her upbringing.",Natal family: Economic stressors,Material hardships experienced by the woman's natal family which have an early impact on her health. ,Child labour,Any child under the age of 15 in the participant's natal family had to work because of money problems,Primary Survey,Quantitative,FALSE,FALSE,TRUE,,,,,
Women and her past experiences ,Natal family history ,"The woman’s early family environment, including composition, support structures, distress and parental characteristics that shaped her upbringing.",Natal family: Economic stressors,Material hardships experienced by the woman's natal family which have an early impact on her health. ,School dropout,The participant or any child in their household had to drop out of school during childhood,Primary Survey,Quantitative,FALSE,FALSE,TRUE,,,,,
Women and her past experiences ,Natal family history ,"The woman’s early family environment, including composition, support structures, distress and parental characteristics that shaped her upbringing.",Natal family: Economic stressors,Material hardships experienced by the woman's natal family which have an early impact on her health. ,Relocation as a child ,The participant had to relocate as a child due to money problems,Primary Survey,Quantitative,FALSE,FALSE,TRUE,,,,,
Women and her past experiences ,Natal family history ,"The woman’s early family environment, including composition, support structures, distress and parental characteristics that shaped her upbringing.",Natal family: Economic stressors,Material hardships experienced by the woman's natal family which have an early impact on her health. ,Parent with chronic disease/disability,The participant had a parent who who was chronically ill while growing up,Primary Survey,Quantitative,FALSE,FALSE,TRUE,,,,,
Women and her past experiences ,Natal family history ,"The woman’s early family environment, including composition, support structures, distress and parental characteristics that shaped her upbringing.",Natal family: Parental life trajectory ,The life paths and educational status of the woman's parents which shape her exposure to opportunities and support ,Father's highest education completed,The highest level of education of the participant's father ,Primary Survey,,FALSE,FALSE,TRUE,,,,,
Women and her past experiences ,Natal family history ,"The woman’s early family environment, including composition, support structures, distress and parental characteristics that shaped her upbringing.",Natal family: Parental life trajectory ,The life paths and educational status of the woman's parents which shape her exposure to opportunities and support ,Mother's highest education completed,The highest level of education of the participant's mother or guardian,Primary Survey,,FALSE,FALSE,TRUE,,,,,
Women and her past experiences ,Natal family history ,"The woman’s early family environment, including composition, support structures, distress and parental characteristics that shaped her upbringing.",Natal family: Parental life trajectory ,The life paths and educational status of the woman's parents which shape her exposure to opportunities and support ,Parents' marriage type,The parents of the participant were in a polygamous marriage ,Primary Survey,,FALSE,FALSE,TRUE,,,,,
Women and her past experiences ,Exposure ,"The woman’s  interaction with education and information channels, indicating her access to knowledge and information  ",Educational exposure ,The extent of formal schooling received by a woman.,Education,The participant's education level,Survey and DHS,,FALSE,TRUE,TRUE,,,,,"Levels of educational and media exposure condition information and aspirations, shaping how health information is understood, trusted, and acted upon."
Women and her past experiences ,Exposure ,"The woman’s  interaction with education and information channels, indicating her access to knowledge and information  ",Media exposure ,The weekly expsoure a woman has to media of any kind. ,"Media exposure- Radio, TV, Nwespaper, Magazine, Internet","The frequency with which the participant listens to the radio, watches TV, reads newspapers or magazines or accesses the internet in a week. ",,,FALSE,TRUE,TRUE,,,,,
Women and her past experiences ,Exposure ,"The woman’s  interaction with education and information channels, indicating her access to knowledge and information  ",Digital Connectivity ,"Measures a woman’s access to and use of mobile technology and digital services. 

*Multiple additional factors around digital connectivity can be found in the Pathways survey ",Cell phone access,The participant owns a cell phone alone or has access to a phone,Primary Survey,Quantitative,FALSE,TRUE,TRUE,Human and Natural systems,,,,
Women and her past experiences ,Exposure ,"The woman’s  interaction with education and information channels, indicating her access to knowledge and information  ",Digital Connectivity ,"Measures a woman’s access to and use of mobile technology and digital services. 

*Multiple additional factors around digital connectivity can be found in the Pathways survey ",Type of phone ,The type of phone that the participant has access to ,Primary Survey,Quantitative,FALSE,TRUE,TRUE,,,,,
Women and her past experiences ,Exposure ,"The woman’s  interaction with education and information channels, indicating her access to knowledge and information  ",Digital Connectivity ,"Measures a woman’s access to and use of mobile technology and digital services. 

*Multiple additional factors around digital connectivity can be found in the Pathways survey ",Decision making around phone usage ,The participant is involved in the decisions on phone usage,Primary Survey,Quantitative,FALSE,FALSE,TRUE,Household Relationships,,,,
Women and her past experiences ,Exposure ,"The woman’s  interaction with education and information channels, indicating her access to knowledge and information  ",Digital Connectivity ,"Measures a woman’s access to and use of mobile technology and digital services. 

*Multiple additional factors around digital connectivity can be found in the Pathways survey ",Usage for voice calls ,The participant has made or received calls on this phone in the past month ,Primary Survey,Quantitative,FALSE,FALSE,TRUE,,,,,
Women and her past experiences ,Exposure ,"The woman’s  interaction with education and information channels, indicating her access to knowledge and information  ",Digital Connectivity ,"Measures a woman’s access to and use of mobile technology and digital services. 

*Multiple additional factors around digital connectivity can be found in the Pathways survey ",Usage for internet ,The participant has ever used the internet ,Primary Survey,Quantitative,FALSE,FALSE,TRUE,,,,,
Women and her past experiences ,Exposure ,"The woman’s  interaction with education and information channels, indicating her access to knowledge and information  ",6,"Measures a woman’s access to and use of mobile technology and digital services. 

*Multiple additional factors around digital connectivity can be found in the Pathways survey ",Internet exposure ,The frequency the participant uses the internet,Primary Survey,Quantitative,FALSE,TRUE,TRUE,,,,,
Women and her past experiences ,Demographic factors ,"Core identity markers such as age, marital status, religion, caste, and ethnicity that shape life stage, and lived experience.",Demographic factors ,"Core identity markers such as age, marital status, religion, caste, and ethnicity that shape life stage, and lived experience.",Age ,The age of the participant ,Primary Survey,Quantitative,FALSE,TRUE,TRUE,,,,,Biological and social positioning intreacts with dominant social norms and could create access and usage barriers to care.  
Women and her past experiences ,Demographic factors ,"Core identity markers such as age, marital status, religion, caste, and ethnicity that shape life stage, and lived experience.",Demographic factors ,"Core identity markers such as age, marital status, religion, caste, and ethnicity that shape life stage, and lived experience.",Religion,The participant's religion,Survey and DHS,Quantitative,FALSE,TRUE,TRUE,,,,,
Women and her past experiences ,Demographic factors ,"Core identity markers such as age, marital status, religion, caste, and ethnicity that shape life stage, and lived experience.",Demographic factors ,"Core identity markers such as age, marital status, religion, caste, and ethnicity that shape life stage, and lived experience.",Caste,The participant's caste status,Survey and DHS,Quantitative,FALSE,TRUE,TRUE,,Regional (specific to India/South Asia) ,,,
Women and her past experiences ,Demographic factors ,"Core identity markers such as age, marital status, religion, caste, and ethnicity that shape life stage, and lived experience.",Demographic factors ,"Core identity markers such as age, marital status, religion, caste, and ethnicity that shape life stage, and lived experience.",National ID ,The participant owns a national ID ,Primary Survey,Quantitative,FALSE,TRUE,TRUE,,,,,
Women and her past experiences ,Demographic factors ,"Core identity markers such as age, marital status, religion, caste, and ethnicity that shape life stage, and lived experience.",Demographic factors ,"Core identity markers such as age, marital status, religion, caste, and ethnicity that shape life stage, and lived experience.",Ethnicity,The participant's ethnicity,Primary Survey,Quantitative,FALSE,TRUE,TRUE,,,,,
Women and her past experiences ,Demographic factors ,"Core identity markers such as age, marital status, religion, caste, and ethnicity that shape life stage, and lived experience.",Demographic factors ,"Core identity markers such as age, marital status, religion, caste, and ethnicity that shape life stage, and lived experience.",Marital status,The participant's relationship status,Survey and DHS,Quantitative,FALSE,TRUE,TRUE,,,,,
Women and her past experiences ,Partnership and reproductive milestones ,"The woman’s relationship history and key reproductive events, such as marriage(s), sexual initiation and births across partnerships.",Timing of milestones,"The age of the woman at various partnership and reproductive milestones in her life. The age of the woman at various milestones serves as an indication of the early onset of stressors, which adds to her vulnerability towards bad health outcomes.",Age at first menstrual period,The participant's age at the onset of menstruation,,,FALSE,TRUE,TRUE,,,,,"The timing and sequencing of partnerships and reproductive events influence dependence, care continuity, and cumulative health risk over time."
Women and her past experiences ,Partnership and reproductive milestones ,"The woman’s relationship history and key reproductive events, such as marriage(s), sexual initiation and births across partnerships.",Timing of milestones,"The age of the woman at various partnership and reproductive milestones in her life. The age of the woman at various milestones serves as an indication of the early onset of stressors, which adds to her vulnerability towards bad health outcomes.",Age at first sex,The participant's age at sexual debut ,,,FALSE,TRUE,TRUE,,,,,
Household relationships,Partnership and reproductive milestones ,"The woman’s relationship history and key reproductive events, such as marriage(s), sexual initiation and births across partnerships.",Timing of milestones,"The age of the woman at various partnership and reproductive milestones in her life. The age of the woman at various milestones serves as an indication of the early onset of stressors, which adds to her vulnerability towards bad health outcomes.",Age at cohabitation ,The age at which the participant started living with a partner,Primary Survey,Quantitative,FALSE,TRUE,TRUE,,,,,
Women and her past experiences ,Partnership and reproductive milestones ,"The woman’s relationship history and key reproductive events, such as marriage(s), sexual initiation and births across partnerships.",Timing of milestones,"The age of the woman at various partnership and reproductive milestones in her life. The age of the woman at various milestones serves as an indication of the early onset of stressors, which adds to her vulnerability towards bad health outcomes.",Age at marriage,The participant's age at marriage/cohabitation,Survey and DHS,,FALSE,TRUE,TRUE,,,,,
Women and her past experiences ,Partnership and reproductive milestones ,"The woman’s relationship history and key reproductive events, such as marriage(s), sexual initiation and births across partnerships.",Timing of milestones,"The age of the woman at various partnership and reproductive milestones in her life. The age of the woman at various milestones serves as an indication of the early onset of stressors, which adds to her vulnerability towards bad health outcomes.",Age at first pregnancy,The participant's age at first pregnancy,,,FALSE,TRUE,TRUE,Health mental models,,,,
Women and her past experiences ,Partnership and reproductive milestones ,"The woman’s relationship history and key reproductive events, such as marriage(s), sexual initiation and births across partnerships.",Timing of milestones,"The age of the woman at various partnership and reproductive milestones in her life. The age of the woman at various milestones serves as an indication of the early onset of stressors, which adds to her vulnerability towards bad health outcomes.",Age at first child birth,The participant's age at first birth,,,FALSE,TRUE,TRUE,,,,,
Women and her past experiences ,Partnership and reproductive milestones ,"The woman’s relationship history and key reproductive events, such as marriage(s), sexual initiation and births across partnerships.",Timing of milestones,"The age of the woman at various partnership and reproductive milestones in her life. The age of the woman at various milestones serves as an indication of the early onset of stressors, which adds to her vulnerability towards bad health outcomes.",Time from marriage to first sex,The time between marriage/cohabiting with a partner and sexual debut,,,FALSE,FALSE,TRUE,,,,,
Women and her past experiences ,Partnership and reproductive milestones ,"The woman’s relationship history and key reproductive events, such as marriage(s), sexual initiation and births across partnerships.",Timing of milestones,"The age of the woman at various partnership and reproductive milestones in her life. The age of the woman at various milestones serves as an indication of the early onset of stressors, which adds to her vulnerability towards bad health outcomes.",Time from marriage to first birth,The time between marriage/cohabitation to her first birth,,,FALSE,FALSE,TRUE,,,,,
Women and her past experiences ,Gender Norms ,"The gendered expectations, roles and social rules the woman has internalised or experienced which are shaped by her community or natal environment.",Internalization of gender norms ,"Captures how a woman perceives, accepts, and aligns with prevailing gender norms, including her own attitudes and the degree of social pressure to conform.",Descriptive gender norm score  ,The extent to which the participant perceives that most women in her community agree to certain gender norms  ,Primary Survey,Quantitative,FALSE,FALSE,TRUE,,,,,"Socially reinforced gender norms shape agency, negotiation power, and perceived legitimacy of care-seeking, affecting health behaviours."
Women and her past experiences ,Gender Norms ,"The gendered expectations, roles and social rules the woman has internalised or experienced which are shaped by her community or natal environment.",Internalization of gender norms ,"Captures how a woman perceives, accepts, and aligns with prevailing gender norms, including her own attitudes and the degree of social pressure to conform.",Injunctive gender norm score  ,The extent to which the participant perceives that her community expects or approves of her following certain gender norms ,Primary Survey,Quantitative,FALSE,FALSE,TRUE,,,,,
Women and her past experiences ,Gender Norms ,"The gendered expectations, roles and social rules the woman has internalised or experienced which are shaped by her community or natal environment.",Internalization of gender norms ,"Captures how a woman perceives, accepts, and aligns with prevailing gender norms, including her own attitudes and the degree of social pressure to conform.",Norm alignment type ,"Alignment between what a woman perceives others are doing (descriptive norm) and what she perceives others expect or approve (injunctive norm) around a specific norms, to interpret the social acceptability and diffusion stage of that norm 

High-High: Progressive gender norms 
Low- Low: Embedded traditional gender norms 
Low- High: Social tension and readiness for change 
High- Low: Disagreement with dominant norm",,Qualitative,FALSE,FALSE,TRUE,,,,,
Women and her past experiences ,Gender Norms ,"The gendered expectations, roles and social rules the woman has internalised or experienced which are shaped by her community or natal environment.",Internalization of gender norms ,"Captures how a woman perceives, accepts, and aligns with prevailing gender norms, including her own attitudes and the degree of social pressure to conform.",Agreement with gender norms,"The level of agreement that the participant and her partner have towards norms around gender based roles and duties 

- Gender role associated with procreation 
- Gender role associated with passivity in sexual decisions 
- Gender role associated with obeying the man 
- Gender role associated with division of labour between home and outside 
- Gender role associated with male preference
- Gender role associated with responsibility over family planning",,Qualitative,FALSE,FALSE,TRUE,,,,,
Women and her past experiences ,Gender Norms ,"The gendered expectations, roles and social rules the woman has internalised or experienced which are shaped by her community or natal environment.",Internalization of gender norms ,"Captures how a woman perceives, accepts, and aligns with prevailing gender norms, including her own attitudes and the degree of social pressure to conform.",Male child preference,The number of male children the participant desires compared to the number of female children,,,FALSE,TRUE,TRUE,Health mental models,,,,
Women and her past experiences ,Gender Norms ,"The gendered expectations, roles and social rules the woman has internalised or experienced which are shaped by her community or natal environment.",Internalization of gender norms ,"Captures how a woman perceives, accepts, and aligns with prevailing gender norms, including her own attitudes and the degree of social pressure to conform.",Justification of domestic violence,The level to which the participant justifies domestic violence in different scenarios,Primary Survey,Quantitative,FALSE,TRUE,TRUE,Household Relationships,,,When using DHS data sets this factor will be a proxy for internalized gender norms ,
Women and her past experiences ,Gender Norms ,"The gendered expectations, roles and social rules the woman has internalised or experienced which are shaped by her community or natal environment.",Norms around marriage ,"Social expectations and cultural beliefs that shape when, how, and whom a woman is expected to marry.",Intention to get married ,Whether the participant wanted to get married at the time of her first marriage ,Primary Survey,Quantitative,FALSE,FALSE,TRUE,,,,,
Women and her past experiences ,Gender Norms ,"The gendered expectations, roles and social rules the woman has internalised or experienced which are shaped by her community or natal environment.",Norms around marriage ,,Decision to get married ,Who made the decision about the participant's first marriage,Primary Survey,Quantitative,FALSE,FALSE,TRUE,,,,,
Women and her past experiences ,Gender Norms ,"The gendered expectations, roles and social rules the woman has internalised or experienced which are shaped by her community or natal environment.",Norms around marriage ,,Dowry status ,Whether any dowry or bride price was paid in the marriage ,Primary Survey,Quantitative,FALSE,FALSE,TRUE,,Regional,,,
Women and her past experiences ,Gender Norms ,"The gendered expectations, roles and social rules the woman has internalised or experienced which are shaped by her community or natal environment.",Norms around marriage ,,Perception around dowry ,"Whether the participant feels that the dowry/bride price paid by the partner was a small, moderate or large amount ",Primary Survey,Quantitative,FALSE,FALSE,TRUE,,Regional,,,
Women and her past experiences ,Gender Norms ,"The gendered expectations, roles and social rules the woman has internalised or experienced which are shaped by her community or natal environment.",Norms around marriage ,,Reasons behind marriage,"The participant's reasons for her marriage/relationship 

- Economic stress driven (death of a parent, absence of money) 
- Aspiration/Expectation driven (good offer, richer family) 
- Social stress driven (Love,Pregnancy) 
- Norm driven (right age, start a family) (to be assessed based on age)",,Qualitative,TRUE,FALSE,FALSE,,,,,
Women and her past experiences ,Mental health and well being ,The woman’s  psychological health and coping potential shaped by long-term stressors or past trauma.,Mental health and well being ,NA,Psychological well being ,The participant's self assessment of her mental state in the past two weeks ,Primary Survey,Quantitative,FALSE,FALSE,TRUE,,,,,"Psychological well-being affects vulnerability by shaping coping capacity and mechanisms, which impact consistency of health behaviors and engagement with health services. "
Women and her past experiences ,Mental health and well being ,The woman’s  psychological health and coping potential shaped by long-term stressors or past trauma.,Mental health and well being ,NA,Coping potential,"Whether the participant feels that she can control what happens with her life, or feels helpless in dealing with difficulties in her life",,Qualitative,FALSE,FALSE,TRUE,,,,,
Women and her past experiences ,Mental health and well being ,The woman’s  psychological health and coping potential shaped by long-term stressors or past trauma.,Mental health and well being ,NA,Coping style,"Whether the participant largely has a coping style which entails confronting a hardship, avoiding a hardship or accepting a hardship.",,Qualitative,TRUE,FALSE,FALSE,,,,,
,,,,,,,,,,,,,,,,
,,,,,,,,,,,,,,,,
,,,,,,,,,,,,,,,,
Household Relationships ,Household structure ,"The composition and configuration of the household, including the woman’s relational position and co-residence with kin or in-laws.",Household Composition,"The number of members in the family in different roles and the economic, drudgery and support burden in the household.",Number of members in the HH ,The total number of members living in the household ,,,FALSE,TRUE,TRUE,,,,,
Household Relationships ,Household structure ,"The composition and configuration of the household, including the woman’s relational position and co-residence with kin or in-laws.",Household Composition,"The number of members in the family in different roles and the economic, drudgery and support burden in the household.",Cohabiting adult(s) in household,The total number of adults staying under the same roof and using the same stove.,Primary Survey,,FALSE,TRUE,TRUE,,,,,
Household Relationships ,Household structure ,"The composition and configuration of the household, including the woman’s relational position and co-residence with kin or in-laws.",Household Composition,"The number of members in the family in different roles and the economic, drudgery and support burden in the household.",Presence of close family members in the household ,Whether any close family members stay in the same household ,Primary Survey,,FALSE,TRUE,TRUE,,,Number of sons and daughters staying in the household ,,
Household Relationships ,Household structure ,"The composition and configuration of the household, including the woman’s relational position and co-residence with kin or in-laws.",Household Composition,"The number of members in the family in different roles and the economic, drudgery and support burden in the household.",Presence of other close family members nearby ,"Whether any close family members stay in the same compound, but not the same household ",Primary Survey,,FALSE,TRUE,TRUE,Social support,,,,
Household Relationships ,Household structure ,"The composition and configuration of the household, including the woman’s relational position and co-residence with kin or in-laws.",Household Composition,"The number of members in the family in different roles and the economic, drudgery and support burden in the household.",Head of the household,"The household member who is primarily responsible for supporting and maintaining the household, and making most decisions in the household.",Primary Survey,,FALSE,TRUE,TRUE,,,,,
Household Relationships ,Household structure ,"The composition and configuration of the household, including the woman’s relational position and co-residence with kin or in-laws.",Household Composition,"The number of members in the family in different roles and the economic, drudgery and support burden in the household.",Sex of the head of the household ,The sex of the head of the household ,Survey and DHS,,FALSE,TRUE,TRUE,,,,,
Household Relationships ,Household structure ,"The composition and configuration of the household, including the woman’s relational position and co-residence with kin or in-laws.",Household Composition,"The number of members in the family in different roles and the economic, drudgery and support burden in the household.",Absence of male partner ,Whether the initimate partner of the woman is away from the house for more than a month in the past year ,Primary Survey,,FALSE,TRUE,TRUE,Human and Natural systems,,,"Partner absence impacts support availability and decision making power at home, influencing overall partner and power dynamics in the relationship. ",
Household Relationships ,Household structure ,"The composition and configuration of the household, including the woman’s relational position and co-residence with kin or in-laws.",Household Composition,"The number of members in the family in different roles and the economic, drudgery and support burden in the household.",Number of children in household,The number of children in the household under the age of 18.,Survey and DHS,Quantitative,FALSE,TRUE,TRUE,,,,,
Household Relationships ,Household structure ,"The composition and configuration of the household, including the woman’s relational position and co-residence with kin or in-laws.",Household Composition,"The number of members in the family in different roles and the economic, drudgery and support burden in the household.",Number of biological children in household,The number of the woman's biological children living in the household.,Survey and DHS,Quantitative,FALSE,TRUE,TRUE,,,,,
Household Relationships ,Household structure ,"The composition and configuration of the household, including the woman’s relational position and co-residence with kin or in-laws.",Household Composition,"The number of members in the family in different roles and the economic, drudgery and support burden in the household.",Biological children's ages,Identifies the ages of all biological children in the household.,Survey and DHS,,FALSE,TRUE,TRUE,,,,,
Household Relationships ,Household structure ,"The composition and configuration of the household, including the woman’s relational position and co-residence with kin or in-laws.",Household Composition,"The number of members in the family in different roles and the economic, drudgery and support burden in the household.",Number of biological children in the household under the age of 5,The number of the woman's biological children who are under the age of 5,Survey and DHS,,FALSE,TRUE,TRUE,,,,,
Household Relationships ,Household structure ,"The composition and configuration of the household, including the woman’s relational position and co-residence with kin or in-laws.",Household Composition,"The number of members in the family in different roles and the economic, drudgery and support burden in the household.",Caregiver for non-biological children,Whether the participant is the primary care-giver to the non-biological children in the household,,,FALSE,TRUE,TRUE,,,,,
Household Relationships ,Household structure ,"The composition and configuration of the household, including the woman’s relational position and co-residence with kin or in-laws.",Household Composition,"The number of members in the family in different roles and the economic, drudgery and support burden in the household.",Living with a support person,Whether the participant lives with someone in the house who can support her for child care,,,FALSE,TRUE,TRUE,,,,,
Household Relationships ,Household structure ,"The composition and configuration of the household, including the woman’s relational position and co-residence with kin or in-laws.",Marriage and cohabitation,The type of the marital union or relationship type that the woman has along with the nature of cohabitation.,Marital status,"Whether the participant is married, widowed, in a relationship, divorced/separated or never married",Survey and DHS,,FALSE,TRUE,TRUE,,,,,
Household Relationships ,Household structure ,"The composition and configuration of the household, including the woman’s relational position and co-residence with kin or in-laws.",Marriage and cohabitation,The type of the marital union or relationship type that the woman has along with the nature of cohabitation.,Type of marriage (legality) ,"The legal status of the marriage: e.g. traditional, civil and religious marriage ",Primary Survey,Quantitative,FALSE,TRUE,TRUE,,,,,
Household Relationships ,Household structure ,"The composition and configuration of the household, including the woman’s relational position and co-residence with kin or in-laws.",Marriage and cohabitation,The type of the marital union or relationship type that the woman has along with the nature of cohabitation.,Type of marriage (monogamy/polygamy),Whether the participant is in a monogamous or polygamous marriage or partnership,Survey and DHS,Quantitative,FALSE,TRUE,TRUE,,,,,
Household Relationships ,Household structure ,"The composition and configuration of the household, including the woman’s relational position and co-residence with kin or in-laws.",Marriage and cohabitation,The type of the marital union or relationship type that the woman has along with the nature of cohabitation.,Wife order if applicable,The number of the participant's union among co-wives,Survey and DHS,Quantitative,FALSE,TRUE,TRUE,,,,,
Household Relationships ,Household structure ,"The composition and configuration of the household, including the woman’s relational position and co-residence with kin or in-laws.",Marriage and cohabitation,The type of the marital union or relationship type that the woman has along with the nature of cohabitation.,Number of partners of husband ,The number of the husband's wives/partners,Primary Survey,Quantitative,FALSE,TRUE,TRUE,,,,,
Household Relationships ,Household structure ,"The composition and configuration of the household, including the woman’s relational position and co-residence with kin or in-laws.",Marriage and cohabitation,The type of the marital union or relationship type that the woman has along with the nature of cohabitation.,Length of the marriage/cohabitation,The number of years that the participant has lived with her partner,,,FALSE,TRUE,TRUE,,,,,
Household Relationships ,Household structure ,"The composition and configuration of the household, including the woman’s relational position and co-residence with kin or in-laws.",Marriage and cohabitation,The type of the marital union or relationship type that the woman has along with the nature of cohabitation.,Number of sexual partners ,The number of lifetime sexual partners for the woman,,,FALSE,TRUE,FALSE,,,,,
Household Relationships ,Household structure ,"The composition and configuration of the household, including the woman’s relational position and co-residence with kin or in-laws.",Marriage and cohabitation,The type of the marital union or relationship type that the woman has along with the nature of cohabitation.,Prior unions,Whether the woman has had prior unions,Primary Survey,Quantitative,FALSE,TRUE,TRUE,,,,,
Household Relationships ,Household structure ,"The composition and configuration of the household, including the woman’s relational position and co-residence with kin or in-laws.",Marriage and cohabitation,The type of the marital union or relationship type that the woman has along with the nature of cohabitation.,Children with multiple partners ,Whether the woman has had children with more than one man ,Primary Survey,Quantitative,FALSE,TRUE,TRUE,,,,,
Household Relationships ,Household structure ,"The composition and configuration of the household, including the woman’s relational position and co-residence with kin or in-laws.",Marriage and cohabitation,The type of the marital union or relationship type that the woman has along with the nature of cohabitation.,Marriage registration,Whether the participant has registered the current marrige and has any documentation for it,,,FALSE,TRUE,TRUE,,,,,
Household Relationships ,Partner dynamics ,"The emotional, communicative, and functional aspects of the woman’s relationship with her partner, including support, trust, and compatibility.",Trust,"The level of trust that the woman has towards her partner. Trust is understood through 4 dimensions (explored in the behavioral reserach): Transparency, Sense of safety, Perceived sense of integrity of the partner and Perceived certainty/Predictability of support",Trust index ,The extent to which the participant trusts her partner/husband ,Primary Survey,Quantitative,FALSE,FALSE,TRUE,,,,,
Household Relationships ,Partner dynamics ,"The emotional, communicative, and functional aspects of the woman’s relationship with her partner, including support, trust, and compatibility.",Trust,"The level of trust that the woman has towards her partner. Trust is understood through 4 dimensions (explored in the behavioral reserach): Transparency, Sense of safety, Perceived sense of integrity of the partner and Perceived certainty/Predictability of support",Perception of transparency,Whether the participant feels her partner is honest and truthful with her ,Primary Survey,Quantitative,FALSE,FALSE,TRUE,,,,,
Household Relationships ,Partner dynamics ,"The emotional, communicative, and functional aspects of the woman’s relationship with her partner, including support, trust, and compatibility.",Trust,"The level of trust that the woman has towards her partner. Trust is understood through 4 dimensions (explored in the behavioral reserach): Transparency, Sense of safety, Perceived sense of integrity of the partner and Perceived certainty/Predictability of support",Perception of fairness ,Whether the participant feels that her partner treats her justly and fairly ,Primary Survey,Quantitative,FALSE,FALSE,TRUE,,,,,
Household Relationships ,Partner dynamics ,"The emotional, communicative, and functional aspects of the woman’s relationship with her partner, including support, trust, and compatibility.",Trust,"The level of trust that the woman has towards her partner. Trust is understood through 4 dimensions (explored in the behavioral reserach): Transparency, Sense of safety, Perceived sense of integrity of the partner and Perceived certainty/Predictability of support",Perception of certainty of support,Whether the participant feels that she can count on her partner to support her ,Primary Survey,Quantitative,FALSE,FALSE,TRUE,,,,,
Household Relationships ,Partner dynamics ,"The emotional, communicative, and functional aspects of the woman’s relationship with her partner, including support, trust, and compatibility.",Trust,"The level of trust that the woman has towards her partner. Trust is understood through 4 dimensions (explored in the behavioral reserach): Transparency, Sense of safety, Perceived sense of integrity of the partner and Perceived certainty/Predictability of support",Perception of integrity,Whether the participant feels that her partner is sincere in his promises ,Primary Survey,Quantitative,FALSE,FALSE,TRUE,,,,,
Household Relationships ,Partner dynamics ,"The emotional, communicative, and functional aspects of the woman’s relationship with her partner, including support, trust, and compatibility.",Emotional support,The extent to which women feel that they are emotionally supported by their partner in their relationship. Emotional support is critical to coping potential and resilience. The absence of it can make women more vulnerable to negative outcomes.,Reassurance,Whether the participant feels that her partner mostly or always supports her by reassuring her in emotionally distressing times.,,Qualitative,TRUE,FALSE,FALSE,,,,,
Household Relationships ,Partner dynamics ,"The emotional, communicative, and functional aspects of the woman’s relationship with her partner, including support, trust, and compatibility.",Emotional support,The extent to which women feel that they are emotionally supported by their partner in their relationship. Emotional support is critical to coping potential and resilience. The absence of it can make women more vulnerable to negative outcomes.,Empathy,Whether the participant feels that her partner mostly or always values her feelings/pleasure and not just his own,,Qualitative,TRUE,FALSE,FALSE,,,,,
Household Relationships ,Partner dynamics ,"The emotional, communicative, and functional aspects of the woman’s relationship with her partner, including support, trust, and compatibility.",Emotional support,The extent to which women feel that they are emotionally supported by their partner in their relationship. Emotional support is critical to coping potential and resilience. The absence of it can make women more vulnerable to negative outcomes.,Affection,Whether the participant feels that her partner mostly or always shows her affection and does things which brings her joy,,Qualitative,TRUE,FALSE,FALSE,,,,,
Household Relationships ,Partner dynamics ,"The emotional, communicative, and functional aspects of the woman’s relationship with her partner, including support, trust, and compatibility.",Emotional support,The extent to which women feel that they are emotionally supported by their partner in their relationship. Emotional support is critical to coping potential and resilience. The absence of it can make women more vulnerable to negative outcomes.,Non-judgment,Whether the participant feels that her partner rarely or never criticizes her,,Qualitative,TRUE,FALSE,FALSE,,,,,
Household Relationships ,Partner dynamics ,"The emotional, communicative, and functional aspects of the woman’s relationship with her partner, including support, trust, and compatibility.",Compatibility,The extent to which the woman is compatible with her partner and content in the relationship ,Goal alignment,Whether the participant and her partner are alligned around their life goals,,Qualitative,TRUE,FALSE,FALSE,,,,,
Household Relationships ,Partner dynamics ,"The emotional, communicative, and functional aspects of the woman’s relationship with her partner, including support, trust, and compatibility.",Compatibility,The extent to which the woman is compatible with her partner and content in the relationship ,Age of partner,The age of the partner,Survey and DHS,Quantitative,FALSE,TRUE,TRUE,,,,,
Household Relationships ,Partner dynamics ,"The emotional, communicative, and functional aspects of the woman’s relationship with her partner, including support, trust, and compatibility.",Compatibility,The extent to which the woman is compatible with her partner and content in the relationship ,Age gap between woman and partner,The age difference between the participant and her partner,Survey and DHS,Quantitative,FALSE,TRUE,TRUE,,,,,
Household Relationships ,Partner dynamics ,"The emotional, communicative, and functional aspects of the woman’s relationship with her partner, including support, trust, and compatibility.",Compatibility,The extent to which the woman is compatible with her partner and content in the relationship ,Level of education of the partner,The level of education of the partner,Survey and DHS,Quantitative,FALSE,TRUE,TRUE,Household economics and living conditions,,,"The educational level of the partner impacts the beliefs and gender based attitudes of the partner, impacting partner and power dynamics in the relationship. ",
Household Relationships ,Power dynamics ,"Decision-making authority, control and conflict seen in an intimate patner relationship.",Decision making power,The ability of the woman to be either the primary or the secondary decision maker around major decisions involving her life.,Child health decisions,Whether the participant is the primary or joint decision maker around child health decisions ,Primary Survey,Quantitative,FALSE,FALSE,TRUE,,,,,
Household Relationships ,Power dynamics ,"Decision-making authority, control and conflict seen in an intimate patner relationship.",Decision making power,The ability of the woman to be either the primary or the secondary decision maker around major decisions involving her life.,Child health finances decisions,Whether the participant is responsible for paying for child care either alone or jointly.,Primary Survey,Quantitative,FALSE,FALSE,TRUE,,,,,
Household Relationships ,Power dynamics ,"Decision-making authority, control and conflict seen in an intimate patner relationship.",Decision making power,The ability of the woman to be either the primary or the secondary decision maker around major decisions involving her life.,Woman's health decisions,Whether the participant is able to alone or jointly make decisions around her own healthcare.,,,FALSE,TRUE,FALSE,,,,,
Household Relationships ,Power dynamics ,"Decision-making authority, control and conflict seen in an intimate patner relationship.",Decision making power,The ability of the woman to be either the primary or the secondary decision maker around major decisions involving her life.,Own Income decisions,Whether the participant is able to alone or jointly make decisions around her own income,,,FALSE,TRUE,FALSE,,,,,
Household Relationships ,Power dynamics ,"Decision-making authority, control and conflict seen in an intimate patner relationship.",Decision making power,The ability of the woman to be either the primary or the secondary decision maker around major decisions involving her life.,Partners Income decisions,Whether the participant is able to alone or jointly make decisions around her partners income,,,FALSE,TRUE,FALSE,,,,,
Household Relationships ,Power dynamics ,"Decision-making authority, control and conflict seen in an intimate patner relationship.",Decision making power,The ability of the woman to be either the primary or the secondary decision maker around major decisions involving her life.,Purchase for self decisions ,Whether the participant is able to alone or jointly make a decision around purchasing clothing for herself or her children without asking anyone for permission ,Primary Survey,Quantitative,FALSE,FALSE,TRUE,,,,,
Household Relationships ,Power dynamics ,"Decision-making authority, control and conflict seen in an intimate patner relationship.",Decision making power,The ability of the woman to be either the primary or the secondary decision maker around major decisions involving her life.,Mobility decisions ,"Whether the participant is able to visit the market, her natal home and her friends without needing permission from anyone",Primary Survey,Quantitative,FALSE,TRUE,TRUE,,,,,
Household Relationships ,Power dynamics ,"Decision-making authority, control and conflict seen in an intimate patner relationship.",Decision making power,The ability of the woman to be either the primary or the secondary decision maker around major decisions involving her life.,Big ticket decisions,Whether the participant is the primary or joint decision maker around major family decisions like marriage or education of childen  ,Primary Survey,Quantitative,FALSE,FALSE,TRUE,,,,,
Household Relationships ,Power dynamics ,"Decision-making authority, control and conflict seen in an intimate patner relationship.",Decision making power,The ability of the woman to be either the primary or the secondary decision maker around major decisions involving her life.,Large purchase decisions ,Whether the participant is the primary or joint decision maker around large purchases made by the household ,Primary Survey,Quantitative,FALSE,TRUE,TRUE,,,,,
Household Relationships ,Power dynamics ,"Decision-making authority, control and conflict seen in an intimate patner relationship.",Decision making power,The ability of the woman to be either the primary or the secondary decision maker around major decisions involving her life.,Family planning decisions ,Whether the participant is the primary or joint decision maker around the usage of contraceptives ,Primary Survey,Quantitative,FALSE,TRUE,TRUE,,,,,
Household Relationships ,Power dynamics ,"Decision-making authority, control and conflict seen in an intimate patner relationship.",Decision making power,The ability of the woman to be either the primary or the secondary decision maker around major decisions involving her life.,Everyday domestic decisions,Whether the participant is the primary or joint decision maker around everyday domestic decisions like cooking ,Primary Survey,Quantitative,FALSE,FALSE,TRUE,,,,,
Household Relationships ,Power dynamics ,"Decision-making authority, control and conflict seen in an intimate patner relationship.",Decision making power,The ability of the woman to be either the primary or the secondary decision maker around major decisions involving her life.,Decision making on work ,Whether the woman did not work in the past year due to family not allowing it ,Primary Survey,Quantitative,FALSE,FALSE,TRUE,,,,,
Household Relationships ,Power dynamics ,"Decision-making authority, control and conflict seen in an intimate patner relationship.",Decision making power,The ability of the woman to be either the primary or the secondary decision maker around major decisions involving her life.,Index: Autonomous decision making ,Whether the woman can take more than 3 decisions autonomously ,,,FALSE,TRUE,TRUE,,,,The cut off of 3 decisions can be tailored according to context ,
Household Relationships ,Power dynamics ,"Decision-making authority, control and conflict seen in an intimate patner relationship.",Decision making power,The ability of the woman to be either the primary or the secondary decision maker around major decisions involving her life.,Index: Involved in decision making ,Whether the woman can take more than 3 decisions autonomously or jointly with others,,,FALSE,TRUE,TRUE,,,,The cut off of 3 decisions can be tailored according to context ,
Household Relationships ,Power dynamics ,"Decision-making authority, control and conflict seen in an intimate patner relationship.",Domestic Violence ,"Experiences of physical, sexual, or emotional harm inflicted by the participant's partner.",Experience of physical violence ,Whether the participant has ever experienced physical violence from her partner,Primary Survey,Quantitative,FALSE,TRUE,TRUE,,,,,
Household Relationships ,Power dynamics ,"Decision-making authority, control and conflict seen in an intimate patner relationship.",Domestic Violence ,"Experiences of physical, sexual, or emotional harm inflicted by the participant's partner.",Experience of emotional violence ,Whether the participant has ever experienced emotional violence from her partner,Primary Survey,Quantitative,FALSE,TRUE,TRUE,,,,,
Household Relationships ,Power dynamics ,"Decision-making authority, control and conflict seen in an intimate patner relationship.",Domestic Violence ,"Experiences of physical, sexual, or emotional harm inflicted by the participant's partner.",Experience of domestic violence during pregnancy,Whether the participant has ever experienced physical violence during her pregnancy ,Primary Survey,Quantitative,FALSE,FALSE,TRUE,,,,,
Household Relationships ,Power dynamics ,"Decision-making authority, control and conflict seen in an intimate patner relationship.",Domestic Violence ,"Experiences of physical, sexual, or emotional harm inflicted by the participant's partner.",Justification of domestic violence,The level to which the participant justifies domestic violence in different scenarios,Primary Survey,Quantitative,FALSE,FALSE,TRUE,Women and her past experiences,,,,
Household Relationships ,Power dynamics ,"Decision-making authority, control and conflict seen in an intimate patner relationship.",Substance abuse ,Experience of substance use by the participant's partner and its impact on the family,Partner abuses substance ,Whether the woman's partner abuses any kind of substance ,Primary Survey,Quantitative,FALSE,FALSE,TRUE,,,,,
Household Relationships ,Power dynamics ,"Decision-making authority, control and conflict seen in an intimate patner relationship.",Substance abuse ,Experience of substance use by the participant's partner and its impact on the family,Impact of substance abuse ,Whether the substance abuse of the partner has negatively impacted their life ,Primary Survey,Quantitative,FALSE,FALSE,TRUE,,,,,
Household Relationships ,Power dynamics ,"Decision-making authority, control and conflict seen in an intimate patner relationship.",Household conflict ,The extent and reasons behind physical and emotional conflict in the house,Frequency of household conflict,Whether the household sees conflicts more than 2 days in a week,,Qualitative,TRUE,FALSE,FALSE,,,,,
Household Relationships ,Power dynamics ,"Decision-making authority, control and conflict seen in an intimate patner relationship.",Household conflict ,The extent and reasons behind physical and emotional conflict in the house,Reasons behind conflict,The reasons behind conflict in the household,,Qualitative,TRUE,FALSE,FALSE,,,,,
Household Relationships ,Power dynamics ,"Decision-making authority, control and conflict seen in an intimate patner relationship.",Household conflict ,The extent and reasons behind physical and emotional conflict in the house,Relative earnings ,Whether the woman earns more or less than the partner,,,FALSE,TRUE,FALSE,,,,,
,,,,,,,,,,,,,,,,
,,,,,,,,,,,,,,,,
,,,,,,,,,,,,,,,,
Social Support ,Social Capital ,"The size, composition and embeddedness of the woman in social networks. ",Social Network ,"The size, structure and the quality of the support network of the woman.",Size of support network ,The size of the network that the participant could expect support from for personal problems,Primary Survey,Quantitative,FALSE,FALSE,TRUE,,,,,
Social Support ,Social Capital ,"The size, composition and embeddedness of the woman in social networks. ",Social Network ,"The size, structure and the quality of the support network of the woman.",Ease of accessing support- neighbours ,How easily the participnat feels she can mobilize support from neighbours ,Primary Survey,Quantitative,FALSE,FALSE,TRUE,,,,,
Social Support ,Social Capital ,"The size, composition and embeddedness of the woman in social networks. ",Social Network ,"The size, structure and the quality of the support network of the woman.",Ease of accessing support- friends and religious groups ,How easily the participant feels she can mobilize support from friends and religious groups  ,Primary Survey,Quantitative,FALSE,FALSE,TRUE,,,,,
Social Support ,Social Capital ,"The size, composition and embeddedness of the woman in social networks. ",Social Network,"The size, structure and the quality of the support network of the woman.",Participation in savings groups ,Whether the woman regularly participates in a women's savings group,Primary Survey,Quantitative,FALSE,FALSE,TRUE,,,,,
Social Support ,Social Capital ,"The size, composition and embeddedness of the woman in social networks. ",Social Network,"The size, structure and the quality of the support network of the woman.",Presence of financial support network ,Whether the participant is able to borrow money from someone when she needs it ,Primary Survey,Quantitative,FALSE,FALSE,TRUE,,,,,
Social Support ,Social Capital ,"The size, composition and embeddedness of the woman in social networks. ",Social Network,"The size, structure and the quality of the support network of the woman.",Type of financial network ,"Whether the participant has borrowed from- 
a) Family based sources 
b) Community based sources
c) Institutional sources ",Primary Survey,Quantitative,FALSE,FALSE,TRUE,,,,,
Social Support ,Social Capital ,"The size, composition and embeddedness of the woman in social networks. ",Social Network,"The size, structure and the quality of the support network of the woman.",Purpose of loan ,"The reason behind borrowing money between- 
a) Every day expenses 
b) Investment and asset purchase 
c) Health expenses 
d) Education 
e) Marriage ",Primary Survey,Quantitative,FALSE,FALSE,TRUE,,,,,
Social Support ,Social Capital ,"The size, composition and embeddedness of the woman in social networks. ",Social Network,"The size, structure and the quality of the support network of the woman.",Size of network supported by husband / partner,The number of people financially supported by the husband of the participant ,Primary Survey,Quantitative,FALSE,FALSE,TRUE,Household Relationships,,,,
Social Support ,Social Capital ,"The size, composition and embeddedness of the woman in social networks. ",Social Network,"The size, structure and the quality of the support network of the woman.",Size of network supported by woman,The number of people financially supported by the participant ,Primary Survey,Quantitative,FALSE,FALSE,TRUE,Household Relationships,,,,
Social Support ,Social Capital ,"The size, composition and embeddedness of the woman in social networks. ",Social Network,"The size, structure and the quality of the support network of the woman.",Support from natal home,Perception of ease of support from natal home,Primary Survey,Quantitative,FALSE,FALSE,TRUE,,,,,
Social Support ,Social Capital ,"The size, composition and embeddedness of the woman in social networks. ",Sense of belonging ,The feeling of being connected and included in the community,Opinion being valued ,How many people in the community does the participant believe value her opinion,Primary Survey,Quantitative,FALSE,FALSE,TRUE,,,,,
Social Support ,Social Capital ,"The size, composition and embeddedness of the woman in social networks. ",Sense of belonging ,The feeling of being connected and included in the community,Sense of safety ,Whether the participant feels safe in the community,Primary Survey,Quantitative,FALSE,FALSE,TRUE,,,,,
Social Support ,Social Capital ,"The size, composition and embeddedness of the woman in social networks. ",Sense of belonging ,The feeling of being connected and included in the community,Sense of alienation,Whether the participant mostly or always feels like she does not belong to the community,,Qualitative,FALSE,FALSE,TRUE,,,,,
Social Support ,Social Capital ,"The size, composition and embeddedness of the woman in social networks. ",Availability of support ,Perecption of the participant about her support network being able to provide different types of support. ,Emotional support ,"Whether the participant can get advice and support from someone close to her, when she needs it  ",Primary Survey,Quantitative,FALSE,FALSE,TRUE,,,,,
Social Support ,Social Capital ,"The size, composition and embeddedness of the woman in social networks. ",Availability of support ,Perecption of the participant about her support network being able to provide different types of support. ,Health advisory support ,Whether the participant can get health advice from someone when she needs it  ,Primary Survey,Quantitative,FALSE,FALSE,TRUE,,,,,
Social Support ,Social Capital ,"The size, composition and embeddedness of the woman in social networks. ",Availability of support ,Perecption of the participant about her support network being able to provide different types of support. ,Emergency support ,Whether the participant believes people will support her in the time of an emergency ,Primary Survey,Quantitative,FALSE,FALSE,TRUE,,,,,
Social Support ,Social Capital ,"The size, composition and embeddedness of the woman in social networks. ",Availability of support ,Perecption of the participant about her support network being able to provide different types of support. ,Ceremonial support ,"Whether the participant feels she will get the necessary support during major ceremonies like marriage, funerals, naming ceremonies etc. ",Primary Survey,Quantitative,FALSE,FALSE,TRUE,,,,,
Social Support ,Social Capital ,"The size, composition and embeddedness of the woman in social networks. ",Availability of support ,Perecption of the participant about her support network being able to provide different types of support. ,Childcare support,Whether the participant can ask a friend or family member to take care of a child or a family member,Primary Survey,Quantitative,FALSE,FALSE,TRUE,,,,,
Social Support ,Social Capital ,"The size, composition and embeddedness of the woman in social networks. ",Availability of support ,Perecption of the participant about her support network being able to provide different types of support. ,Instrumental support ,Whether the participant can ask a family member for help with household duties ,Primary Survey,Quantitative,FALSE,FALSE,TRUE,,,,,
Social Support ,Social Capital ,"The size, composition and embeddedness of the woman in social networks. ",Institutional support ,Whether the participant and her family has access to formal support systems ,Not covered by insurance ,Whether the participant has at least one family member who is not covered by insurance ,,,FALSE,TRUE,FALSE,,,,,
Social Support ,Quality of support ,"The consistency, reliability, and emotional safety of the support the woman receives from family, friends, or community members.",Trust,"The level of trust that the woman has on her support provider. Trust is understood through 4 dimensions explored in the behavioral reserach- Transparency, Sense of safety, perceived sense of integrity of the partner and perceived certainty/predictability of support",Perception of transparency,Whether the participant feels that her support provider (beyond her partner) rarely or never lies to her,,Qualitative,TRUE,FALSE,FALSE,,,,,
Social Support ,Quality of support ,"The consistency, reliability, and emotional safety of the support the woman receives from family, friends, or community members.",Trust,"The level of trust that the woman has on her support provider. Trust is understood through 4 dimensions explored in the behavioral reserach- Transparency, Sense of safety, perceived sense of integrity of the partner and perceived certainty/predictability of support",Perception of sense of safety,"Whether the participant feels that her support provider, mostly or always makes her feel safe and rarely or never threatens to leave her",,Qualitative,TRUE,FALSE,FALSE,,,,,
Social Support ,Quality of support ,"The consistency, reliability, and emotional safety of the support the woman receives from family, friends, or community members.",Trust,"The level of trust that the woman has on her support provider. Trust is understood through 4 dimensions explored in the behavioral reserach- Transparency, Sense of safety, perceived sense of integrity of the partner and perceived certainty/predictability of support",Perception of certainty of support,"Whether the participant feels that her support provider (beyond her partner) mostly or always provides her positive emotional support (appreciation, safety, gratitude and comfort)",,Qualitative,TRUE,FALSE,FALSE,,,,,
Social Support ,Quality of support ,"The consistency, reliability, and emotional safety of the support the woman receives from family, friends, or community members.",Emotional support,"The extent to which the woman feels that she is emotionally supported by their support provider in their relationship. Emotional support is critical to coping potential and resilience and the absence of it, can make women more vulnerable to negative outcomes.",Reassurance,Whether the participant feels that her support provider (beyond her partner) mostly or always supports her by reassuring her in emotionally distressing times.,,Qualitative,TRUE,FALSE,FALSE,,,,,
Social Support ,Quality of support ,"The consistency, reliability, and emotional safety of the support the woman receives from family, friends, or community members.",Emotional support,"The extent to which the woman feels that she is emotionally supported by their support provider in their relationship. Emotional support is critical to coping potential and resilience and the absence of it, can make women more vulnerable to negative outcomes.",Empathy,Whether the participant feels that her support provider (beyond her partner) mostly or always values her feelings/pleasure and not just his own,,Qualitative,TRUE,FALSE,FALSE,,,,,
Social Support ,Quality of support ,"The consistency, reliability, and emotional safety of the support the woman receives from family, friends, or community members.",Emotional support,"The extent to which the woman feels that she is emotionally supported by their support provider in their relationship. Emotional support is critical to coping potential and resilience and the absence of it, can make women more vulnerable to negative outcomes.",Affection,Whether the participant feels that her support provider (beyond her partner) mostly or always shows her affection and does things which brings her joy,,Qualitative,TRUE,FALSE,FALSE,,,,,
Social Support ,Quality of support ,"The consistency, reliability, and emotional safety of the support the woman receives from family, friends, or community members.",Emotional support,"The extent to which the woman feels that she is emotionally supported by their support provider in their relationship. Emotional support is critical to coping potential and resilience and the absence of it, can make women more vulnerable to negative outcomes.",Non-judgment,Whether the participant feels that her support provider (beyond her partner) rarely or never criticizes her,,Qualitative,TRUE,FALSE,FALSE,,,,,
Social Support ,Quality of support ,"The consistency, reliability, and emotional safety of the support the woman receives from family, friends, or community members.",Compatibility,The extent to which the woman is compatible and content in the relationship with her support provider,Goal alignment,Whether the participant and her support provider (beyond her partner) are aligned around their life goals,,Qualitative,TRUE,FALSE,FALSE,,,,,
Social Support ,Quality of support ,"The consistency, reliability, and emotional safety of the support the woman receives from family, friends, or community members.",Compatibility,The extent to which the woman is compatible and content in the relationship with her support provider,Contentment,Whether the participant rarely or never imagines leaving her support provider,,Qualitative,TRUE,FALSE,FALSE,,,,,
,,,,,,,,,,,,,,,,
,,,,,,,,,,,,,,,,
,,,,,,,,,,,,,,,,
Household economics and living conditions,Economic resources and infrastructure,"The household’s sources of income, asset base, and the quality of physical living conditions that support or constrain well-being.",Income earning roles and work quality,The availability and stability of income for the household,Number of members involved in income generation,The number of people in the family involved in income earning roles,,,FALSE,TRUE,TRUE,,,,,
Household economics and living conditions,Economic resources and infrastructure,"The household’s sources of income, asset base, and the quality of physical living conditions that support or constrain well-being.",Income earning roles and work quality,The availability and stability of income for the household,Type of work / means of earning,"The primary source of income for the family e.g. wages/salaries, agricultural sales, remittances, pension, government social protection etc",Primary Survey,,FALSE,TRUE,TRUE,,,,,
Household economics and living conditions,Economic resources and infrastructure,"The household’s sources of income, asset base, and the quality of physical living conditions that support or constrain well-being.",Income earning roles and work quality,The availability and stability of income for the household,Occupation of the head of the household ,The primary occupation of the head of the household ,Primary Survey,,FALSE,TRUE,TRUE,,,,,
Household economics and living conditions,Economic resources and infrastructure,"The household’s sources of income, asset base, and the quality of physical living conditions that support or constrain well-being.",Income earning roles and work quality,The availability and stability of income for the household,Women employed in the household,Whether any adult woman in the family is employed in an income earning role,,,FALSE,TRUE,TRUE,,,,,
Household economics and living conditions,Economic resources and infrastructure,"The household’s sources of income, asset base, and the quality of physical living conditions that support or constrain well-being.",Partner work status,The availability and stability of income for the partner,Partner education status,The level of education of the partner of the participant ,Survey and DHS,,FALSE,TRUE,TRUE,Household Relationships,,,,
Household economics and living conditions,Economic resources and infrastructure,"The household’s sources of income, asset base, and the quality of physical living conditions that support or constrain well-being.",Partner work status,The availability and stability of income for the partner,Partner employment status,Whether the partner of the woman is employed in an income earning role,Survey and DHS,,FALSE,TRUE,TRUE,,,Whether the partner has been employed in the past 7 days or 12 months ,,
Household economics and living conditions,Economic resources and infrastructure,"The household’s sources of income, asset base, and the quality of physical living conditions that support or constrain well-being.",Partner work status,The availability and stability of income for the partner,Partner type of work / means of earning,Type of work the partner is engaged in a) professional/managerial/clerical work b) agricultural work c) service related work d) manual labour,Survey and DHS,,FALSE,TRUE,TRUE,,,,,
Household economics and living conditions,Economic resources and infrastructure,"The household’s sources of income, asset base, and the quality of physical living conditions that support or constrain well-being.",Partner work status,The availability and stability of income for the partner,Stability of income source,Whether the partner is engaged in work a) throughout the year b)seasonally or partly through the year c) whenever work is available,,,FALSE,TRUE,TRUE,,,,,
Household economics and living conditions,Economic resources and infrastructure,"The household’s sources of income, asset base, and the quality of physical living conditions that support or constrain well-being.",Asset base,The nature of structural assets that the family possesses which contributes to economic stress,Ownership of agricultural land ,Whether anyone in the household owns agricultural land ,Primary Survey,Quantitative,FALSE,TRUE,TRUE,,,,,
Household economics and living conditions,Economic resources and infrastructure,"The household’s sources of income, asset base, and the quality of physical living conditions that support or constrain well-being.",Asset base,The nature of structural assets that the family possesses which contributes to economic stress,Onwership of residential land ,Whether anyone in the household owns land for residential use ,Primary Survey,Quantitative,FALSE,TRUE,TRUE,,,,,
Household economics and living conditions,Economic resources and infrastructure,"The household’s sources of income, asset base, and the quality of physical living conditions that support or constrain well-being.",Asset base,The nature of structural assets that the family possesses which contributes to economic stress,Livestock ownership,Whether anyone in the household owns any livestock,Primary Survey,Quantitative,FALSE,TRUE,TRUE,,,,,
Household economics and living conditions,Economic resources and infrastructure,"The household’s sources of income, asset base, and the quality of physical living conditions that support or constrain well-being.",Asset base,The nature of structural assets that the family possesses which contributes to economic stress,Home ownership,Whether the household owns the house they live in ,Primary Survey,Quantitative,FALSE,TRUE,TRUE,,,,,
Household economics and living conditions,Economic resources and infrastructure,"The household’s sources of income, asset base, and the quality of physical living conditions that support or constrain well-being.",Asset base,The nature of structural assets that the family possesses which contributes to economic stress,Cell phone ownership ,Whether anyone in the household owns a cellphone,Primary Survey,Quantitative,FALSE,TRUE,TRUE,,,,,
Household economics and living conditions,Economic resources and infrastructure,"The household’s sources of income, asset base, and the quality of physical living conditions that support or constrain well-being.",Asset base,The nature of structural assets that the family possesses which contributes to economic stress,Composite asset base,The composite asset base of the household based on a total of 13 functional items in the household ,Primary Survey,Quantitative,FALSE,TRUE,TRUE,,,,,
Household economics and living conditions,Economic resources and infrastructure,"The household’s sources of income, asset base, and the quality of physical living conditions that support or constrain well-being.",Living conditions ,"The physical state abd spacing availability of the household environment, as indicators of economic status.",Unfinished walls and floor,Whether the walls and floor in the household are finished,Primary Survey,Quantitative,FALSE,TRUE,TRUE,,,,,
Household economics and living conditions,Economic resources and infrastructure,"The household’s sources of income, asset base, and the quality of physical living conditions that support or constrain well-being.",Living conditions ,"The physical state abd spacing availability of the household environment, as indicators of economic status.",Unfinished roof ,Whether the roof in the house is finished ,Primary Survey,Quantitative,FALSE,TRUE,TRUE,,,,,
Household economics and living conditions,Economic resources and infrastructure,"The household’s sources of income, asset base, and the quality of physical living conditions that support or constrain well-being.",Living conditions ,"The physical state abd spacing availability of the household environment, as indicators of economic status.",Rooms for sleeping ,The number of rooms available to the family for sleeping,Primary Survey,Quantitative,FALSE,TRUE,TRUE,Human and Natural systems,,,,
Household economics and living conditions,Women's economic position and agency ,"The woman’s participation in income generation, access to financial tools, and control over economic resources. ",Women work status and finacial access ,The availability and stability of income for the woman,Employment status,Whether the woman is employed in an income earning role in the past week ,Primary Survey,Quantitative,FALSE,TRUE,TRUE,,,,,
Household economics and living conditions,Women's economic position and agency ,"The woman’s participation in income generation, access to financial tools, and control over economic resources. ",Women work status and finacial access ,The availability and stability of income for the woman,Type of work / means of earning,Type of work that the woman has been engaged in the past year ,Primary Survey,Quantitative,FALSE,TRUE,TRUE,,,,,
Household economics and living conditions,Women's economic position and agency ,"The woman’s participation in income generation, access to financial tools, and control over economic resources. ",Women work status and finacial access ,The availability and stability of income for the woman,Professional work ,Whether the woman has primarily been engaged in professional work in the past year ,Primary Survey,Quantitative,FALSE,TRUE,TRUE,,,,,
Household economics and living conditions,Women's economic position and agency ,"The woman’s participation in income generation, access to financial tools, and control over economic resources. ",Women work status and finacial access ,The availability and stability of income for the woman,Money received ,Whether the woman has received support in cash or kind from any source in the past year ,Primary Survey,Quantitative,FALSE,TRUE,TRUE,,,,,
Household economics and living conditions,Women's economic position and agency ,"The woman’s participation in income generation, access to financial tools, and control over economic resources. ",Women work status and finacial access ,The availability and stability of income for the woman,Lack of work opportunities ,Whether the woman did not work in the past year due to lack of work opportunities,Primary Survey,Quantitative,FALSE,FALSE,TRUE,,,,,
Household economics and living conditions,Women's economic position and agency ,"The woman’s participation in income generation, access to financial tools, and control over economic resources. ",Women work status and finacial access ,The availability and stability of income for the woman,Health as a barrier to work ,Identifies if the woman did not work in the past year due to poor health ,Primary Survey,Quantitative,FALSE,FALSE,TRUE,,,,,
Household economics and living conditions,Women's economic position and agency ,"The woman’s participation in income generation, access to financial tools, and control over economic resources. ",Woman's economic agency ,The availability and stability of income for the woman,Woman's bank account ownership ,"Whether the participant has a bank account, a joint account ot both ",Primary Survey,Quantitative,FALSE,TRUE,TRUE,,,,,
Household economics and living conditions,Women's economic position and agency ,"The woman’s participation in income generation, access to financial tools, and control over economic resources. ",Woman's economic agency ,The availability and stability of income for the woman,Microfinance account ownership ,Whether the participant or anyone in her family owns a savings account with a  microfinance institution,Primary Survey,Quantitative,FALSE,FALSE,TRUE,,,,,
Household economics and living conditions,Women's economic position and agency ,"The woman’s participation in income generation, access to financial tools, and control over economic resources. ",Woman's economic agency ,The availability and stability of income for the woman,Mobile banking account,"Whether the participant has her own mobile account, a joint mobile account or both",Primary Survey,Quantitative,FALSE,TRUE,TRUE,,Regional,,,
Household economics and living conditions,Women's economic position and agency ,"The woman’s participation in income generation, access to financial tools, and control over economic resources. ",Woman's economic agency ,The availability and stability of income for the woman,Mobile banking usage ,Whether the mobile banking account was used within the past month,Primary Survey,Quantitative,FALSE,TRUE,TRUE,,,,,
Household economics and living conditions,Women's economic position and agency ,"The woman’s participation in income generation, access to financial tools, and control over economic resources. ",Woman's economic agency ,The availability and stability of income for the woman,Control over finances ,Whether the woman has full control over the money she earns or receives ,Primary Survey,Quantitative,FALSE,FALSE,TRUE,,,,,
Household economics and living conditions,Women's economic position and agency ,"The woman’s participation in income generation, access to financial tools, and control over economic resources. ",Woman's economic agency ,The availability and stability of income for the woman,Access to money for self-consumption ,Whether the woman has access to money to spend on herself ,Primary Survey,Quantitative,FALSE,FALSE,TRUE,,,,,
Household economics and living conditions,Economic support ,"Access to sources of financial assistance, including remittances, community transfers, or instututional support.",Economic Support,NA,Household receipt of financial assistance (cash transfer or any social assistance),Whether the household of the woman receives any kind of financial support from the government or any donor organizations,Primary Survey,,FALSE,TRUE,TRUE,,,,,
Household economics and living conditions,Economic support ,"Access to sources of financial assistance, including remittances, community transfers, or instututional support.",Economic Support ,NA,Participation in self-help groups,Whether the participant has attended any self-help group meetings in the past 3 months,Primary Survey,Quantitative,FALSE,TRUE,TRUE,Social support,,,,
Household economics and living conditions,Economic support ,"Access to sources of financial assistance, including remittances, community transfers, or instututional support.",Household Borrowing ,Patterns of saving and borrowing within the household as indicators of financial distress,Savings behavior  ,Whether the HH has been able to save money in the past year ,Primary Survey,Quantitative,FALSE,FALSE,TRUE,,,,,
Household economics and living conditions,Economic support ,"Access to sources of financial assistance, including remittances, community transfers, or instututional support.",Household Borrowing ,Patterns of saving and borrowing within the household as indicators of financial distress,Borrowing behavior ,Whether the HH borrowed money in the past year ,Primary Survey,Quantitative,FALSE,FALSE,TRUE,,,,,
Household economics and living conditions,Economic support ,"Access to sources of financial assistance, including remittances, community transfers, or instututional support.",Household Borrowing ,Patterns of saving and borrowing within the household as indicators of financial distress,Purpose of loan,The purpose of borrowing in the past year ,Primary Survey,Quantitative,FALSE,FALSE,TRUE,Social support,,,,
Household economics and living conditions,Economic support ,"Access to sources of financial assistance, including remittances, community transfers, or instututional support.",Household Borrowing ,Patterns of saving and borrowing within the household as indicators of financial distress,Source of loan ,The source of borrowing in the past year,Primary Survey,Quantitative,FALSE,FALSE,TRUE,Social support,,,,
Household economics and living conditions,Economic distress ,"Measures of financial strain or instability, including shocks, coping strategies, and unmet basic needs.",Economic shocks and coping mechanisms ,Household experiences of sudden financial hardship and the strategies used to cope with them,Experience of economic shock ,"Whether the HH experienced any economic shock in the past year, including type of shock",Primary Survey,Quantitative,FALSE,FALSE,TRUE,,,,,
Household economics and living conditions,Economic distress ,"Measures of financial strain or instability, including shocks, coping strategies, and unmet basic needs.",Economic shocks and coping mechanisms ,Household experiences of sudden financial hardship and the strategies used to cope with them,Coping with economic shocks ,The strategy used by the HH to cope with the economic shock,Primary Survey,Quantitative,FALSE,FALSE,TRUE,,,,,
Household economics and living conditions,Economic distress ,"Measures of financial strain or instability, including shocks, coping strategies, and unmet basic needs.",Economic shocks and coping mechanisms ,Household experiences of sudden financial hardship and the strategies used to cope with them,Coping- Children relocation ,Whether children in the HH were relocated to cope with the shock,Primary Survey,Quantitative,FALSE,FALSE,TRUE,,,,,
Household economics and living conditions,Economic distress ,"Measures of financial strain or instability, including shocks, coping strategies, and unmet basic needs.",Economic shocks and coping mechanisms ,Household experiences of sudden financial hardship and the strategies used to cope with them,Coping- Additional work,Whether members in the HH took up additional work to cope with the shock ,Primary Survey,Quantitative,FALSE,FALSE,TRUE,,,,,
Household economics and living conditions,Economic distress ,"Measures of financial strain or instability, including shocks, coping strategies, and unmet basic needs.",Economic shocks and coping mechanisms ,Household experiences of sudden financial hardship and the strategies used to cope with them,Coping- Child Labour ,Whether any child in the participant's family was involved in domestic labour to cope with the shock,Primary Survey,Quantitative,FALSE,FALSE,TRUE,,,,,
Household economics and living conditions,Economic distress ,"Measures of financial strain or instability, including shocks, coping strategies, and unmet basic needs.",Economic shocks and coping mechanisms ,Household experiences of sudden financial hardship and the strategies used to cope with them,Coping-dowry ,Whether the HH married off a daughter to receive dowry to cope with the shock ,Primary Survey,Quantitative,FALSE,FALSE,TRUE,,Regional,,,
Household economics and living conditions,Economic distress ,"Measures of financial strain or instability, including shocks, coping strategies, and unmet basic needs.",Perception of financial stress,The participant’s subjective feeling of economic strain or worry about meeting basic financial needs.,Perception of negative economic condition ,Whether the participant feels that they are able to meet needs or is facing poverty,,,FALSE,FALSE,TRUE,,,,,
Household economics and living conditions,Economic distress ,"Measures of financial strain or instability, including shocks, coping strategies, and unmet basic needs.",Perception of financial stress,The participant’s subjective feeling of economic strain or worry about meeting basic financial needs.,Financial stress ,How the participant feels that their financial status has changed in the past year. ,,,FALSE,FALSE,TRUE,,,,,
Household economics and living conditions,Economic distress ,"Measures of financial strain or instability, including shocks, coping strategies, and unmet basic needs.",Food insecurity ,"Inability of the household to consistently access sufficient, safe, and nutritious food.",Household hunger score ,Whether the household experiences hunger based on reporting that they often experienced low resources to buy food and how often family members went hungry through the day and slept hungry,Primary Survey,Quantitative,FALSE,FALSE,TRUE,,,,,
Household economics and living conditions,Economic distress ,"Measures of financial strain or instability, including shocks, coping strategies, and unmet basic needs.",Family (structural) stressors,Factors determined by the family structure which contribute to economic stress,Family member with chronic disease/disability,Whether anyone in the participant's family has a permanent disability or a chronic disease,Primary Survey,Quantitative,FALSE,FALSE,TRUE,,,,,
Household economics and living conditions,Economic distress ,"Measures of financial strain or instability, including shocks, coping strategies, and unmet basic needs.",Family (structural) stressors,Factors determined by the family structure which contribute to economic stress,Size of family,Identifies the number of members staying under one roof and using the same stove for cooking,Primary Survey,Quantitative,FALSE,TRUE,TRUE,,,,,
Household economics and living conditions,Time Poverty ,"The burden of unpaid labour and time-related constraints that limit the woman’s ability to rest, seek care, or pursue opportunities.",Time poverty ,NA ,Control over daily schedule ,Whether the participant feels that her daily schedule is flexible ,Primary Survey,Quantitative,FALSE,FALSE,TRUE,,,,Is included here as it talks about time poverty leading to potential economic loss ,
Household economics and living conditions,Time Poverty ,"The burden of unpaid labour and time-related constraints that limit the woman’s ability to rest, seek care, or pursue opportunities.",Time poverty ,NA ,Control over paid work time ,Whether the participant feels that she can change the amount of time spent on paid work ,Primary Survey,Quantitative,FALSE,FALSE,TRUE,,,,Is included here as it talks about time poverty leading to potential economic loss ,
Household economics and living conditions,Time Poverty ,"The burden of unpaid labour and time-related constraints that limit the woman’s ability to rest, seek care, or pursue opportunities.",Time poverty ,NA ,Control over private time ,Whether the participant feels that she can use her private time according to her plans ,Primary Survey,Quantitative,FALSE,FALSE,TRUE,,,,Is included here as it talks about time poverty leading to potential economic loss ,This could also connect to agency and decision making power
Household economics and living conditions,Time Poverty ,"The burden of unpaid labour and time-related constraints that limit the woman’s ability to rest, seek care, or pursue opportunities.",Time poverty ,NA ,Control over domestic tasks ,Whether the participant feels that she can change the amount of time spent on domestic chores ,Primary Survey,Quantitative,FALSE,FALSE,TRUE,,,,Is included here as it talks about time poverty leading to potential economic loss ,This could also connect to agency and decision making power
Household economics and living conditions,Time Poverty ,"The burden of unpaid labour and time-related constraints that limit the woman’s ability to rest, seek care, or pursue opportunities.",Time poverty ,NA ,Control over recreation time ,Whether the participant feels that she has enough time for recreation and socializing ,Primary Survey,Quantitative,FALSE,FALSE,TRUE,,,,Is included here as it talks about time poverty leading to potential economic loss ,
Household economics and living conditions,Time Poverty ,"The burden of unpaid labour and time-related constraints that limit the woman’s ability to rest, seek care, or pursue opportunities.",Time poverty ,NA ,Not working due to domestic load ,Whether the woman did not work in the past year due to multiple conflicting responsibilities ,Primary Survey,Quantitative,FALSE,FALSE,TRUE,,,,Is included here as it talks about time poverty leading to potential economic loss ,
,,,,,,,,,,,,,,,,
,,,,,,,,,,,,,,,,
,,,,,,,,,,,,,,,,
Human and natural systems ,Environment and Climate Change ,"Perceptions and experiences of environmental and climate-related risks, including their impact on life",Environment and Climate Change ,NA ,Perceived impact of environment on health,Whether the participant feels that people in her community are getting sicker because of unclean air or water,,,TRUE,FALSE,FALSE,,,,,
Human and natural systems ,Environment and Climate Change ,"Perceptions and experiences of environmental and climate-related risks, including their impact on life",Environment and Climate Change ,NA ,Experience of natural disasters,Whether the participant has faced more drought or floods,,,TRUE,FALSE,FALSE,,,,,
Human and natural systems ,Environment and Climate Change ,"Perceptions and experiences of environmental and climate-related risks, including their impact on life",Environment and Climate Change ,NA ,Preparedness around climate change,Whether the participant can predict when there will be rainfall,,,TRUE,FALSE,FALSE,,,,,
Human and natural systems ,Environment and Climate Change ,"Perceptions and experiences of environmental and climate-related risks, including their impact on life",Environment and Climate Change ,NA ,Impact of climate change on livelihoods,Whether the participant has lost any assets due to a climate related event,,,TRUE,FALSE,FALSE,,,,,
Human and natural systems ,Migration ,Temporary or permanent movement patterns of the woman or the  household ,Form of migration ,The type of migration seen in the household including location and hosuehold members involved,Movement of family ,Whether the family of the participant had to move to a different city or village,Primary Survey,Quantitative,FALSE,FALSE,TRUE,,,,Mobility and migration decisions are shaped by the broader environmental and economic forces and hence included under this domain. ,
Human and natural systems ,Migration ,Temporary or permanent movement patterns of the woman or the  household ,Form of migration ,The type of migration seen in the household including location and hosuehold members involved,Migration pattern ,"The type of migration that the family of the participant has had (rural-rural, rural-urban, urban-rural, urban-urban) ",,,FALSE,FALSE,TRUE,,,,,
Human and natural systems ,Migration ,Temporary or permanent movement patterns of the woman or the  household ,Drivers of migration ,The reasons influencing the decision to migrate ,Reasons behind migration ,The reason leading to the migration of the family of the participant,Primary Survey,Quantitative,FALSE,FALSE,TRUE,,,,Mobility and migration decisions are shaped by the broader environmental and economic forces and hence included under this domain. ,
Human and natural systems ,Migration ,Temporary or permanent movement patterns of the woman or the  household ,Status of migration ,Who in the household has migrated and how recently relocation has occurred ,Time since relocation ,Time since the family relocated ,Primary Survey,Quantitative,FALSE,FALSE,TRUE,,,,Mobility and migration decisions are shaped by the broader environmental and economic forces and hence included under this domain. ,
Human and natural systems ,Migration ,Temporary or permanent movement patterns of the woman or the  household ,Status of migration ,Who in the household has migrated and how recently relocation has occurred ,Permanent residence ,Number of years the family has lived in the same home,Primary Survey,Quantitative,FALSE,FALSE,TRUE,,,,Mobility and migration decisions are shaped by the broader environmental and economic forces and hence included under this domain. ,
Human and natural systems ,Migration ,Temporary or permanent movement patterns of the woman or the  household ,Status of migration ,Who in the household has migrated and how recently relocation has occurred ,Partner is a migrant worker,Whether the partner of the participant has been away from home for more than a month in the past year for the purpose of work or conflict ,Primary Survey,Quantitative,FALSE,FALSE,TRUE,Household economics and living conditions,,,,
Human and natural systems ,Migration ,Temporary or permanent movement patterns of the woman or the  household ,Status of migration ,Who in the household has migrated and how recently relocation has occurred ,Woman is a migrant worker,Whether the participant has been away from home for more than a month in the past year for the purpose of work or conflict ,Primary Survey,Quantitative,FALSE,FALSE,TRUE,,,,Mobility and migration decisions are shaped by the broader environmental and economic forces and hence included under this domain. ,
Human and natural systems ,Infrastructure access,Access to basic infrastructure and services essential in the day to day life,Access to health facility ,The ease with which the household can access the nearest health facility ,Time to nearest health facility ,Time to get to the nearest health facility ,Survey and DHS,Quantitative,FALSE,FALSE,TRUE,Health mental models,,,,
Human and natural systems ,Infrastructure access,Access to basic infrastructure and services essential in the day to day life,Access to health facility ,The ease with which the household can access the nearest health facility ,Mode of transportation to facility ,Type of transportation the participant uses to get to the nearest health facility ,Survey and DHS,Quantitative,FALSE,FALSE,TRUE,Health mental models,,,,
Human and natural systems ,Infrastructure access,Access to basic infrastructure and services essential in the day to day life,Access to sanitation ,The availability and type of sanitation facility accessible to the household for safe and dignified sanitation practises ,Safe and dignified sanitation,Whether the household has access to a pit or flush latrine within their home ,Survey and DHS,Quantitative,FALSE,TRUE,TRUE,,,,,
Human and natural systems ,Infrastructure access,Access to basic infrastructure and services essential in the day to day life,Access to sanitation ,The availability and type of sanitation facility accessible to the household for safe and dignified sanitation practises ,Ownership of toilet,Whether the household owns a pit or latrine toilets or shares it with other households,Survey and DHS,Quantitative,FALSE,TRUE,TRUE,,,,,
Human and natural systems ,Infrastructure access,Access to basic infrastructure and services essential in the day to day life,Access to water,"The household’s access to an improved and reliable water source that is available within a reasonable distance and time, enabling safe consumption and hygiene practices.",Access to safe and reliable drinking water ,Whether the HH has access to piped drinking water source in the dwelling or in the yard/plot,Survey and DHS,Quantitative,FALSE,TRUE,TRUE,,,,,
Human and natural systems ,Infrastructure access,Access to basic infrastructure and services essential in the day to day life,Access to water,"The household’s access to an improved and reliable water source that is available within a reasonable distance and time, enabling safe consumption and hygiene practices.",Time taken to collect water ,The amount of time taken to collect drinking water,Survey and DHS,Quantitative,FALSE,TRUE,TRUE,,,,,
Human and natural systems ,Infrastructure access,Access to basic infrastructure and services essential in the day to day life,Access to safe cooking ,"Whether the household environment has access to clean fuels and appropriate cooking spaces that reduce indoor air pollution, fire risk and enable safe food preparation",Separate kitchen,Whether the participant has access to a separate kitchen ,Survey and DHS,Quantitative,FALSE,TRUE,TRUE,,,,,
Human and natural systems ,Infrastructure access,Access to basic infrastructure and services essential in the day to day life,Access to safe cooking ,"Whether the household environment has access to clean fuels and appropriate cooking spaces that reduce indoor air pollution, fire risk and enable safe food preparation",Clean cooking fuel ,Whether the participant has access to clean cooking fuel ,Survey and DHS,Quantitative,FALSE,TRUE,TRUE,,,,,
Human and natural systems ,Infrastructure access,Access to basic infrastructure and services essential in the day to day life,Access to electricity,Whether the household is connected to a reliable and functional source of electricity ,Access to electricity,Whether the household has access to electricity,Survey and DHS,Quantitative,FALSE,TRUE,TRUE,,,,,
Human and natural systems ,Infrastructure access,Access to basic infrastructure and services essential in the day to day life,Access to electricity,Whether the household is connected to a reliable and functional source of electricity ,Source of electricity,"Whether the HH has electricity through the national grid, solar panels, electric generator or other sources",Survey and DHS,Quantitative,FALSE,TRUE,TRUE,,,,,
Human and natural systems ,Infrastructure access,Access to basic infrastructure and services essential in the day to day life,Access to insurance ,Whether the household is covered by insurance ,Overall insurace coverage ,Percentage of family members covered by insurance ,,,FALSE,TRUE,FALSE,,,,,
Human and natural systems ,Infrastructure access,Access to basic infrastructure and services essential in the day to day life,Access to housing ,Whether the household has access to good housing conditions ,Informal housing condition ,Whether the household experiences informal housing conditions ,,,FALSE,TRUE,TRUE,Household economics and living conditions,,,,
Human and natural systems ,Infrastructure access,Access to basic infrastructure and services essential in the day to day life,Access to housing ,Whether the household has access to good housing conditions ,Infomal urban settlement ,Whether the household lives in an urban slum or an informal urban settlement ,,,FALSE,TRUE,TRUE,,,,,
,,,,,,,,,,,,,,,,
,,,,,,,,,,,,,,,,
,,,,,,,,,,,,,,,,
Health mental models ,Contracpetive and reproductive behaviors ,Describes the woman’s behavioral patterns and decisions around contraception and fertility management,Fertility and pregnancy goals ,The woman's desired reproductive outcome ,Desire for pregnancy ,Whether the participant desired her last or current pregnancy ,Primary Survey,Quantitative,FALSE,FALSE,TRUE,,,,,
Health mental models ,Contracpetive and reproductive behaviors ,Describes the woman’s behavioral patterns and decisions around contraception and fertility management,Fertility and pregnancy goals ,The woman's desired reproductive outcome ,Fertility preference,Whether the participant wants to have: more children; is undecided; or does not want/cannot have more children,Primary Survey,Quantitative,FALSE,TRUE,TRUE,,,,,
Health mental models ,Contracpetive and reproductive behaviors ,Describes the woman’s behavioral patterns and decisions around contraception and fertility management,Fertility and pregnancy goals ,The woman's desired reproductive outcome ,Ideal number of children ,The total number of children that the participant ideally wants/wanted to have ,Primary Survey,Quantitative,FALSE,TRUE,FALSE,,,,,
Health mental models ,Contracpetive and reproductive behaviors ,Describes the woman’s behavioral patterns and decisions around contraception and fertility management,Fertility and pregnancy goals ,The woman's desired reproductive outcome ,Goal alignment - children,"Whether the participant and her partner are aligned on preferences for future childbearing
",,,FALSE,TRUE,TRUE,,,,,
Health mental models ,Contracpetive and reproductive behaviors ,Describes the woman’s behavioral patterns and decisions around contraception and fertility management,Current method usage ,The woman's desired reproductive outcome ,Condom usage ,Whether the participant has used condom in the last sexual intercation ,Primary Survey,Quantitative,FALSE,TRUE,FALSE,,,,,
Health mental models ,Contracpetive and reproductive behaviors ,Describes the woman’s behavioral patterns and decisions around contraception and fertility management,Current method usage ,The woman's current contraceptove choice and usage patterns,Female vs male led methods,"Whether the participant is currently using 
female- or male-led methods",Primary Survey,Quantitative,FALSE,TRUE,TRUE,,,,,
Health mental models ,Contracpetive and reproductive behaviors ,Describes the woman’s behavioral patterns and decisions around contraception and fertility management,Current method usage ,The woman's current contraceptove choice and usage patterns,Traditional vs modern methods,Whether the participant is currently using traditional or modern methods,Primary Survey,Quantitative,FALSE,TRUE,TRUE,,,,,
Health mental models ,Contracpetive and reproductive behaviors ,Describes the woman’s behavioral patterns and decisions around contraception and fertility management,Current method usage ,The woman's current contraceptove choice and usage patterns,Type of contraceptive - current,The type of contraceptives currently being used by the couple (including traditional vs modern contraceptives),,,FALSE,FALSE,TRUE,,,,,
Health mental models ,Contracpetive and reproductive behaviors ,Describes the woman’s behavioral patterns and decisions around contraception and fertility management,Intentions around contraceptive usage ,The woman’s stated plans or readiness to use contraception in the future,Intention to use contraceptives ,Whether the participant desires to use contraceptives to delay a pregnancy in the next year or at a later date ,,,FALSE,FALSE,TRUE,,,,,
Health mental models ,Contracpetive and reproductive behaviors ,Describes the woman’s behavioral patterns and decisions around contraception and fertility management,Intentions around contraceptive usage ,The woman’s stated plans or readiness to use contraception in the future,Intention-Action gap ,Whether the woman has expressed a preference to have no more children but is currently not using any modern contraceptive,,,FALSE,TRUE,TRUE,,,,,
Health mental models ,Contracpetive and reproductive behaviors ,Describes the woman’s behavioral patterns and decisions around contraception and fertility management,Intentions around contraceptive usage ,The woman’s stated plans or readiness to use contraception in the future,Rejection of pregnancy ,Whether the partner or any family member has got angry on her after learning of her pregnancy ,Primary Survey,Quantitative,FALSE,FALSE,TRUE,,,,,
Health mental models ,Contracpetive and reproductive behaviors ,Describes the woman’s behavioral patterns and decisions around contraception and fertility management,Contraceptive avoidance,Mental models which could lead to contraceptive avoidance,Impact of contraceptives,Whether the participant believes that contraceptives lead to infertility and physical symptoms,,Qualitative,TRUE,FALSE,FALSE,,,,,
Health mental models ,Contracpetive and reproductive behaviors ,Describes the woman’s behavioral patterns and decisions around contraception and fertility management,Contraceptive avoidance,,Necessity of contraceptives,Whether the participant believes that contraceptives are not needed in marriage/committed relationship or in case of infrequent sex,,Qualitative,TRUE,FALSE,FALSE,,,,,
Health mental models ,Contracpetive and reproductive behaviors ,Describes the woman’s behavioral patterns and decisions around contraception and fertility management,Knowledge accuracy ,NA,Knowledge around pregnancy ,Whether the woman has knowledge around safe days and periods where pregnancy is possible ,,,FALSE,TRUE,FALSE,,,,,
Health mental models ,Parity ,Captures the woman’s number of live births and its influence on her reproductive intentions and health decisions.,Parity,NA,Live births ,The total number of live births the participant has had ,Primary Survey,Quantitative,FALSE,TRUE,TRUE,,,,There are a number of specific questions on quantitative surveys about # of children and live births,
Health mental models ,Parity ,Captures the woman’s number of live births and its influence on her reproductive intentions and health decisions.,Parity,NA,Living children ,The number of living children the participant currently has ,Primary Survey,Quantitative,FALSE,TRUE,TRUE,Household Relationships,,,There are a number of specific questions on quantitative surveys about # of children and live births,
Health mental models ,Health system engagement for RMNCH services ,Describes the woman’s patterns of interaction and continuity of use with clinic based RMNCH  services.,ANC,NA,Timely ANC ,Whether the participant began ANC during the first trimester,Primary Survey,Quantitative,FALSE,TRUE,TRUE,,,,,
Health mental models ,Health system engagement for RMNCH services ,Describes the woman’s patterns of interaction and continuity of use with clinic based RMNCH  services.,ANC,NA,ANC provider,Whether the participant met formal health care practitioners or traditional practioners for ANC,Primary Survey,Quantitative,FALSE,TRUE,TRUE,,,,,
Health mental models ,Health system engagement for RMNCH services ,Describes the woman’s patterns of interaction and continuity of use with clinic based RMNCH  services.,ANC,NA,Maternal vaccination ,Whether the participant has received tetatnus toxoid during pregnancy ,Primary Survey,Quantitative,FALSE,TRUE,TRUE,,,,,
Health mental models ,Health system engagement for RMNCH services ,Describes the woman’s patterns of interaction and continuity of use with clinic based RMNCH  services.,Delivery ,NA,Birth attendant type,Whether the participant had assistance from a trained healthcare professional or a traditional birth attendant during her last delivery ,Primary Survey,Quantitative,FALSE,TRUE,TRUE,,,,,
Health mental models ,Health system engagement for RMNCH services ,Describes the woman’s patterns of interaction and continuity of use with clinic based RMNCH  services.,PNC,NA,Timing of PNC- Woman,The time taken from delivery to PNC for woman ,Primary Survey,Quantitative,FALSE,TRUE,TRUE,,,,,
Health mental models ,Health system engagement for RMNCH services ,Describes the woman’s patterns of interaction and continuity of use with clinic based RMNCH  services.,PNC,NA,Service provider for PNC Woman ,"Whether the participant received PNC  from a trained healthcare professional or a traditional birth attendant, during her last delivery ",Primary Survey,Quantitative,FALSE,TRUE,TRUE,,,,,
Health mental models ,Health system engagement for RMNCH services ,Describes the woman’s patterns of interaction and continuity of use with clinic based RMNCH  services.,PNC,NA,Timing of PNC- Child,The time taken from delivery to PNC for youngest child ,Primary Survey,Quantitative,FALSE,TRUE,TRUE,,,,,
Health mental models ,Health system engagement for RMNCH services ,Describes the woman’s patterns of interaction and continuity of use with clinic based RMNCH  services.,PNC,NA,Service provider for PNC - child,Whether the youngest child of the participant received PNC  from a trained healthcare professional or a traditional birth attendant,Primary Survey,Quantitative,FALSE,TRUE,TRUE,,,,,
Health mental models ,Health system engagement for RMNCH services ,Describes the woman’s patterns of interaction and continuity of use with clinic based RMNCH  services.,Child illness ,NA,Diarrhea treatment ,Whether the participant has a child who has had diarrhea in the past 2 weeks and has had treatment ,,,FALSE,TRUE,FALSE,,,,,
Health mental models ,Health system engagement for RMNCH services ,Describes the woman’s patterns of interaction and continuity of use with clinic based RMNCH  services.,Birth Registration ,NA,Knowledge of birth registration ,Whether the participant has knowledge on registering a birth,,,FALSE,TRUE,FALSE,,,,,
Health mental models ,Health system engagement for RMNCH services ,Describes the woman’s patterns of interaction and continuity of use with clinic based RMNCH  services.,Birth Registration ,NA,Ever registered birth ,Whether the participant has ever registered a birth ,,,FALSE,TRUE,FALSE,,,,,
Health mental models ,Immunization ,"Reflects the woman’s attitudes, knowledge, and practices regarding vaccination for her children.",Immunization knowledge and beliefs ,The woman’s understanding of vaccines and the immunization system,Vaccination card ,Whether the participant has a vaccination card for the youngest child ,Primary Survey,Quantitative,FALSE,TRUE,TRUE,,,,,
Health mental models ,Immunization ,"Reflects the woman’s attitudes, knowledge, and practices regarding vaccination for her children.",Immunization knowledge and beliefs ,The woman’s understanding of vaccines and the immunization system,Beliefs around immunization ,Whether the participant believes that vaccination is important for their child ,Primary Survey,Quantitative,FALSE,TRUE,TRUE,,,,,
Health mental models ,Immunization ,"Reflects the woman’s attitudes, knowledge, and practices regarding vaccination for her children.",Immunization knowledge and beliefs ,The woman’s understanding of vaccines and the immunization system,Knowledge of immunization source,Whether the participant knows where to get vaccines for their child ,Primary Survey,Quantitative,FALSE,TRUE,TRUE,,,,,
Health mental models ,Immunization ,"Reflects the woman’s attitudes, knowledge, and practices regarding vaccination for her children.",Motivation for immunization ,"The woman’s readiness to vaccinate a child, shaped by intentions, expectations and barriers",Expectation to immunize ,Whether the participant believes that her friends and family want her to vaccinate her child ,Primary Survey,Quantitative,FALSE,TRUE,TRUE,,,,,
Health mental models ,Immunization ,"Reflects the woman’s attitudes, knowledge, and practices regarding vaccination for her children.",Motivation for immunization ,"The woman’s readiness to vaccinate a child, shaped by intentions, expectations and barriers",Intention to immunize,Whether the participant plans to administer all listed vaccines to their child ,Primary Survey,Quantitative,FALSE,TRUE,TRUE,,,,,
Health mental models ,Immunization ,"Reflects the woman’s attitudes, knowledge, and practices regarding vaccination for her children.",Motivation for immunization ,"The woman’s readiness to vaccinate a child, shaped by intentions, expectations and barriers",Barrier to immunization - cost,Whether cost is a major barrier for vaccination ,Primary Survey,Quantitative,FALSE,TRUE,TRUE,,,,,
Health mental models ,Preferred site for healthcare ,The type of health facility a participant prefers to visit when seeking care,Preferred site for healthcare ,NA,Preferred care source - woman general,The generally preferred site of care for health issues faced women,Primary Survey,Quantitative,FALSE,TRUE,TRUE,,,,,
Health mental models ,Preferred site for healthcare ,The type of health facility a participant prefers to visit when seeking care,Preferred site for healthcare ,NA,Preferred care source - child general,The generally preferred site of care for health issues faced by the children of the participant,Primary Survey,Quantitative,FALSE,TRUE,TRUE,,,,,
Health mental models ,Healthcare seeking behavior ,"Describes how, when, and where the woman chooses to access health services when experiencing any illness in the family or for routine visits.",Women's Health ,Health seeking patterns for women concerning her own health ,Recent illness - woman,Whether the participant faced any illness in the past 30 days ,Primary Survey,Quantitative,FALSE,FALSE,TRUE,,,,,
Health mental models ,Healthcare seeking behavior ,"Describes how, when, and where the woman chooses to access health services when experiencing any illness in the family or for routine visits.",Women's Health ,Health seeking patterns for women concerning her own health ,Recent illness - woman symptoms,The symptoms faced by the participant in case of an illness in the past month ,Primary Survey,Quantitative,FALSE,FALSE,TRUE,,,,,
Health mental models ,Healthcare seeking behavior ,"Describes how, when, and where the woman chooses to access health services when experiencing any illness in the family or for routine visits.",Women's Health ,Health seeking patterns for women concerning her own health ,Recent illness - woman careseeking,Whether the participant sought care for her illness in the past month ,Primary Survey,Quantitative,FALSE,FALSE,TRUE,,,,,
Health mental models ,Healthcare seeking behavior ,"Describes how, when, and where the woman chooses to access health services when experiencing any illness in the family or for routine visits.",Women's Health ,Health seeking patterns for women concerning her own health ,Recent illness - woman careseeking location,The actual point of care-seeking for the illness faced by the participant in the past month,Primary Survey,Quantitative,FALSE,FALSE,TRUE,,,,,
Health mental models ,Healthcare seeking behavior ,"Describes how, when, and where the woman chooses to access health services when experiencing any illness in the family or for routine visits.",Child's Health ,Health seeking patterns for women concerning her child's health ,Recent illness - child careseeking,Whether the participant sought care for the illness of her youngest child in the past month ,Primary Survey,Quantitative,FALSE,FALSE,TRUE,,,,,
Health mental models ,Healthcare seeking behavior ,"Describes how, when, and where the woman chooses to access health services when experiencing any illness in the family or for routine visits.",Child's Health ,Health seeking patterns for women concerning her child's health ,Recent illness - child careseeking location,The actual point of care-seeking for the illness faced by the youngest child of the participant in the past month,Primary Survey,Quantitative,FALSE,FALSE,TRUE,,,,,
Health mental models ,Healthcare seeking behavior ,"Describes how, when, and where the woman chooses to access health services when experiencing any illness in the family or for routine visits.",Barriers to seeking care ,System constraints experienced which prevent formal care-seeking ,Experience of multiple barriers to care ,Whether the participant experiences more than 3 barriers to care ,,,FALSE,TRUE,FALSE,,,,,
Health mental models ,Healthcare seeking behavior ,"Describes how, when, and where the woman chooses to access health services when experiencing any illness in the family or for routine visits.",Barriers to seeking care ,System constraints experienced which prevent formal care-seeking ,Distance as a barrier,Whether the participant feels distance to the nearest clinic is a major barrier to seeking care ,,,FALSE,TRUE,FALSE,,,,,
Health mental models ,Healthcare seeking behavior ,"Describes how, when, and where the woman chooses to access health services when experiencing any illness in the family or for routine visits.",Barriers to seeking care ,System constraints experienced which prevent formal care-seeking ,Cost as a barrier,Whether the participant feels cost of treatment is a major barrier to seeking care ,,,FALSE,TRUE,FALSE,,,,,
Health mental models ,Healthcare seeking behavior ,"Describes how, when, and where the woman chooses to access health services when experiencing any illness in the family or for routine visits.",Barriers to seeking care ,System constraints experienced which prevent formal care-seeking ,Transportation as a barrier,Whether the participant feels arranging transportation is a major barrier to seeking care ,,,FALSE,TRUE,FALSE,,,,,
Health mental models ,Healthcare seeking behavior ,"Describes how, when, and where the woman chooses to access health services when experiencing any illness in the family or for routine visits.",Barriers to seeking care ,System constraints experienced which prevent formal care-seeking ,Lack of provider as a barrier,Whether the participant feels absence of providers is a major barrier to seeking care ,,,FALSE,TRUE,FALSE,,,,,
Health mental models ,Healthcare seeking behavior ,"Describes how, when, and where the woman chooses to access health services when experiencing any illness in the family or for routine visits.",Barriers to seeking care ,System constraints experienced which prevent formal care-seeking ,Lack of female provider as a barrier,Whether the participant feels absence of female providers is a major barrier to seeking care ,,,FALSE,TRUE,FALSE,,,,,
Health mental models ,Healthcare seeking behavior ,"Describes how, when, and where the woman chooses to access health services when experiencing any illness in the family or for routine visits.",Barriers to seeking care ,System constraints experienced which prevent formal care-seeking ,Medication availability as a barrier ,Whether the participant feels medication availability is a major barrier to seeking care ,,,FALSE,TRUE,FALSE,,,,,
Health mental models ,Health risk perception ,The participant’s pattern of assessing and responding to the risk of different types of illness experienced by herself and her children,Health risk perception ,NA,Risk assessment - Child illness,"Categorizes the risk assessment pattern of the participant when it comes to child illness between 
a) Normalization of symptoms 
b) Familiarity based home care 
c) Dependence on others 
d) Preference for traditional methods 
e) Preference for formal care ",Primary Survey,Quantitative,FALSE,FALSE,TRUE,,,,,
Health mental models ,Health risk perception ,The participant’s pattern of assessing and responding to the risk of different types of illness experienced by herself and her children,Health risk perception ,NA,Risk assessment - antenatal,"The risk assessment pattern of the participant when it comes to illness during pregnancy between 
a) Normalization of symptoms 
b) Familiarity based home care 
c) Dependence on others 
d) Preference for traditional methods 
e) Preference for formal care ",Primary Survey,Quantitative,FALSE,FALSE,TRUE,,,,,
Health mental models ,Health risk perception ,The participant’s pattern of assessing and responding to the risk of different types of illness experienced by herself and her children,Health risk perception ,NA,Risk assessment - general,"The risk assessment pattern of the participant when it comes to general illness between 
a) Normalization of symptoms 
b) Familiarity based home care 
c) Dependence on others 
d) Preference for traditional methods 
e) Preference for formal care ",Primary Survey,Quantitative,FALSE,FALSE,TRUE,,,,,
Health mental models ,Perceived preparedness for health events,Measures psychological readiness for onset of critical life events impacting health,Perceived preparedness for health events,NA,Preparedness for menstruation,Whether the participant knew a lot around menstruation and felt comfortable and prepared when it happened ,Primary Survey,Quantitative,FALSE,FALSE,TRUE,,,,,
Health mental models ,Perceived preparedness for health events,Measures psychological readiness for onset of critical life events impacting health,Perceived preparedness for health events,NA,Preparedness for sexual debut,Whether the participant knew a lot around sexual debut and felt comfortable and prepared when it happened ,Primary Survey,Quantitative,FALSE,FALSE,TRUE,,,,,
Health mental models ,Perceived preparedness for health events,Measures psychological readiness for onset of critical life events impacting health,Perceived preparedness for health events,NA,Prepedness for pregnancy ,Whether the participant knew a lot around pregnancy and felt comfortable and prepared when it happened ,Primary Survey,Quantitative,FALSE,FALSE,TRUE,,,,,
Health mental models ,Trust on health providers,It speaks to the extent of trust that the participant has on clinical and community based health workers which would determine their preference for health services,Trust on health providers,NA,Trust in doctors,Whether the participant trusts doctors ,Primary Survey,Quantitative,FALSE,FALSE,TRUE,,,,,
Health mental models ,Trust on health providers,It speaks to the extent of trust that the participant has on clinical and community based health workers which would determine their preference for health services,Trust on health providers,NA,Trust in CHWs ,Whether the participant trusts CHWs,Primary Survey,Quantitative,FALSE,FALSE,TRUE,,,,,
Health mental models ,Health beliefs ,"Captures underlying perceptions and culturally shaped views about causes of illness, prevention, and treatment.",Health beliefs ,NA,Medication avoidance ,Whether the participant believes that medicines are harmful during pregnancy,,Qualitative,TRUE,FALSE,FALSE,,,,,
Health mental models ,Health beliefs ,"Captures underlying perceptions and culturally shaped views about causes of illness, prevention, and treatment.",Health beliefs ,NA,Institutional delivery avoidance ,Whether the participant believes that home deliveries are unnecessary for complications and hospital deliveries could lead to operations.,,Qualitative,TRUE,FALSE,FALSE,,,,,
Health mental models ,Nutrition ,Reflects the woman’s practices regarding nutrition for her children.,Child feeding practises ,Captures nutrition practices for children in the household,Diet diversity for child ,"Whether the participant has provided a nutritious and age appropriate diet to a child under the age of 2, on the previous day ",,,FALSE,TRUE,FALSE,,,,,
,,,,,,,,,FALSE,FALSE,FALSE,,,,,
,,,,,,,,,FALSE,FALSE,FALSE,,,,,
,,,,,,,,,,,,,,,,
,,,,,,,,,,,,,,,,
,,,,,,,,,,,,,,,,
,,,,,,,,,,,,,,,,
,,,,,,,,,,,,,,,,
,,,,,,,,,,,,,,,,
,,,,,,,Primary Survey,Quantitative,,,,,,,,